benchmark	condition	seed	attention_alpha	top_k_gaze	is_baseline	source	accuracy	bias_aligned_fraction	bias_aligned_error_rate	error_rate	mean_image_attention_mass	mean_boosted_layer_image_attention_mass	mean_boosted_head_image_attention_mass	n	Acc	Q_Acc	I_Acc	G_Acc	n_model_calls	n_groups
vlmbias	baseline	0	0.0	0	True	segments/vlm_bias_attention/runs/vlmbias_gaze_attention_sweep/vlmbias/qwen25vl_3b_vlmbias_gaze_attention_baseline_seed0.summary.json	0.12	0.215	0.24431818181818182	0.88	0.09281801431646027			400.0						
vlmbias	baseline	1	0.0	0	True	segments/vlm_bias_attention/runs/vlmbias_gaze_attention_sweep/vlmbias/qwen25vl_3b_vlmbias_gaze_attention_baseline_seed1.summary.json	0.1275	0.2425	0.27793696275071633	0.8725	0.09379927193781055			400.0						
vlmbias	baseline	2	0.0	0	True	segments/vlm_bias_attention/runs/vlmbias_gaze_attention_sweep/vlmbias/qwen25vl_3b_vlmbias_gaze_attention_baseline_seed2.summary.json	0.1025	0.22	0.24512534818941503	0.8975	0.09349496478839582			400.0						
vlmbias	baseline	3	0.0	0	True	segments/vlm_bias_attention/runs/vlmbias_gaze_attention_sweep/vlmbias/qwen25vl_3b_vlmbias_gaze_attention_baseline_seed3.summary.json	0.11	0.265	0.29775280898876405	0.89	0.09288070227429404			400.0						
vlmbias	baseline	4	0.0	0	True	segments/vlm_bias_attention/runs/vlmbias_gaze_attention_sweep/vlmbias/qwen25vl_3b_vlmbias_gaze_attention_baseline_seed4.summary.json	0.1175	0.22	0.24929178470254956	0.8825	0.0930054746974081			400.0						
vlmbias	baseline	5	0.0	0	True	segments/vlm_bias_attention/runs/vlmbias_gaze_attention_sweep/vlmbias/qwen25vl_3b_vlmbias_gaze_attention_baseline_seed5.summary.json	0.13	0.2425	0.27873563218390807	0.87	0.09312703186843828			400.0						
vlmbias	baseline	6	0.0	0	True	segments/vlm_bias_attention/runs/vlmbias_gaze_attention_sweep/vlmbias/qwen25vl_3b_vlmbias_gaze_attention_baseline_seed6.summary.json	0.1125	0.24	0.2704225352112676	0.8875	0.0928117623772355			400.0						
vlmbias	baseline	7	0.0	0	True	segments/vlm_bias_attention/runs/vlmbias_gaze_attention_sweep/vlmbias/qwen25vl_3b_vlmbias_gaze_attention_baseline_seed7.summary.json	0.1275	0.2225	0.25501432664756446	0.8725	0.09278383467848689			400.0						
vlmbias	baseline	8	0.0	0	True	segments/vlm_bias_attention/runs/vlmbias_gaze_attention_sweep/vlmbias/qwen25vl_3b_vlmbias_gaze_attention_baseline_seed8.summary.json	0.1475	0.2125	0.24926686217008798	0.8525	0.09313267703384298			400.0						
vlmbias	baseline	9	0.0	0	True	segments/vlm_bias_attention/runs/vlmbias_gaze_attention_sweep/vlmbias/qwen25vl_3b_vlmbias_gaze_attention_baseline_seed9.summary.json	0.12	0.2375	0.26988636363636365	0.88	0.09296114213284369			400.0						
vlmbias	gaze_top10_alpha0p25	0	0.25	10	False	segments/vlm_bias_attention/runs/vlmbias_gaze_attention_sweep/vlmbias/qwen25vl_3b_vlmbias_gaze_attention_gaze_top10_alpha0p25_seed0.summary.json	0.13	0.215	0.2471264367816092	0.87	0.09327013853022958	0.14291931715666426	0.349481854071337	400.0						
vlmbias	gaze_top10_alpha0p25	1	0.25	10	False	segments/vlm_bias_attention/runs/vlmbias_gaze_attention_sweep/vlmbias/qwen25vl_3b_vlmbias_gaze_attention_gaze_top10_alpha0p25_seed1.summary.json	0.1275	0.2375	0.2722063037249284	0.8725	0.09461220808439547	0.143935989047112	0.35014801150759	400.0						
vlmbias	gaze_top10_alpha0p25	2	0.25	10	False	segments/vlm_bias_attention/runs/vlmbias_gaze_attention_sweep/vlmbias/qwen25vl_3b_vlmbias_gaze_attention_gaze_top10_alpha0p25_seed2.summary.json	0.1125	0.23	0.2591549295774648	0.8875	0.09406907741670743	0.1433380406652221	0.3517232404536116	400.0						
vlmbias	gaze_top10_alpha0p25	3	0.25	10	False	segments/vlm_bias_attention/runs/vlmbias_gaze_attention_sweep/vlmbias/qwen25vl_3b_vlmbias_gaze_attention_gaze_top10_alpha0p25_seed3.summary.json	0.12	0.2625	0.29829545454545453	0.88	0.09371431918722366	0.14351935182888612	0.35072424614773284	400.0						
vlmbias	gaze_top10_alpha0p25	4	0.25	10	False	segments/vlm_bias_attention/runs/vlmbias_gaze_attention_sweep/vlmbias/qwen25vl_3b_vlmbias_gaze_attention_gaze_top10_alpha0p25_seed4.summary.json	0.1125	0.2225	0.2507042253521127	0.8875	0.09348496741760932	0.14276340441926527	0.3498638493967266	400.0						
vlmbias	gaze_top10_alpha0p25	5	0.25	10	False	segments/vlm_bias_attention/runs/vlmbias_gaze_attention_sweep/vlmbias/qwen25vl_3b_vlmbias_gaze_attention_gaze_top10_alpha0p25_seed5.summary.json	0.145	0.2275	0.26608187134502925	0.855	0.0935306598899021	0.1428317395224164	0.35005847213829233	400.0						
vlmbias	gaze_top10_alpha0p25	6	0.25	10	False	segments/vlm_bias_attention/runs/vlmbias_gaze_attention_sweep/vlmbias/qwen25vl_3b_vlmbias_gaze_attention_gaze_top10_alpha0p25_seed6.summary.json	0.115	0.245	0.2768361581920904	0.885	0.09349160603711212	0.14235302240209194	0.3494282280573205	400.0						
vlmbias	gaze_top10_alpha0p25	7	0.25	10	False	segments/vlm_bias_attention/runs/vlmbias_gaze_attention_sweep/vlmbias/qwen25vl_3b_vlmbias_gaze_attention_gaze_top10_alpha0p25_seed7.summary.json	0.1375	0.225	0.2608695652173913	0.8625	0.09356008538881752	0.14265443475680517	0.3487188325612427	400.0						
vlmbias	gaze_top10_alpha0p25	8	0.25	10	False	segments/vlm_bias_attention/runs/vlmbias_gaze_attention_sweep/vlmbias/qwen25vl_3b_vlmbias_gaze_attention_gaze_top10_alpha0p25_seed8.summary.json	0.15	0.2175	0.25588235294117645	0.85	0.09377642061089082	0.14307176180811257	0.34975754528192043	400.0						
vlmbias	gaze_top10_alpha0p25	9	0.25	10	False	segments/vlm_bias_attention/runs/vlmbias_gaze_attention_sweep/vlmbias/qwen25vl_3b_vlmbias_gaze_attention_gaze_top10_alpha0p25_seed9.summary.json	0.12	0.2475	0.28125	0.88	0.09360263700909766	0.14327699521338633	0.35063425969011824	400.0						
vlmbias	gaze_top10_alpha0p5	0	0.5	10	False	segments/vlm_bias_attention/runs/vlmbias_gaze_attention_sweep/vlmbias/qwen25vl_3b_vlmbias_gaze_attention_gaze_top10_alpha0p5_seed0.summary.json	0.1175	0.2325	0.26345609065155806	0.8825	0.09421889316482127	0.1468824687121214	0.3922077757744401	400.0						
vlmbias	gaze_top10_alpha0p5	1	0.5	10	False	segments/vlm_bias_attention/runs/vlmbias_gaze_attention_sweep/vlmbias/qwen25vl_3b_vlmbias_gaze_attention_gaze_top10_alpha0p5_seed1.summary.json	0.13	0.2375	0.27298850574712646	0.87	0.09551278784848369	0.14790533758622376	0.39278241849087936	400.0						
vlmbias	gaze_top10_alpha0p5	2	0.5	10	False	segments/vlm_bias_attention/runs/vlmbias_gaze_attention_sweep/vlmbias/qwen25vl_3b_vlmbias_gaze_attention_gaze_top10_alpha0p5_seed2.summary.json	0.1075	0.2325	0.2605042016806723	0.8925	0.09480582945635906	0.14698003306270518	0.39369514451262305	400.0						
vlmbias	gaze_top10_alpha0p5	3	0.5	10	False	segments/vlm_bias_attention/runs/vlmbias_gaze_attention_sweep/vlmbias/qwen25vl_3b_vlmbias_gaze_attention_gaze_top10_alpha0p5_seed3.summary.json	0.115	0.275	0.3107344632768362	0.885	0.09457472683190826	0.14741595047296505	0.3931480723667115	400.0						
vlmbias	gaze_top10_alpha0p5	4	0.5	10	False	segments/vlm_bias_attention/runs/vlmbias_gaze_attention_sweep/vlmbias/qwen25vl_3b_vlmbias_gaze_attention_gaze_top10_alpha0p5_seed4.summary.json	0.115	0.23	0.2598870056497175	0.885	0.09436020334069374	0.14669400234584704	0.39270498542474447	400.0						
vlmbias	gaze_top10_alpha0p5	5	0.5	10	False	segments/vlm_bias_attention/runs/vlmbias_gaze_attention_sweep/vlmbias/qwen25vl_3b_vlmbias_gaze_attention_gaze_top10_alpha0p5_seed5.summary.json	0.13	0.2375	0.27298850574712646	0.87	0.09433637018199618	0.14688026804471274	0.3931276694511807	400.0						
vlmbias	gaze_top10_alpha0p5	6	0.5	10	False	segments/vlm_bias_attention/runs/vlmbias_gaze_attention_sweep/vlmbias/qwen25vl_3b_vlmbias_gaze_attention_gaze_top10_alpha0p5_seed6.summary.json	0.1175	0.2375	0.26912181303116145	0.8825	0.09442887053983956	0.14643885585194327	0.392185547718477	400.0						
vlmbias	gaze_top10_alpha0p5	7	0.5	10	False	segments/vlm_bias_attention/runs/vlmbias_gaze_attention_sweep/vlmbias/qwen25vl_3b_vlmbias_gaze_attention_gaze_top10_alpha0p5_seed7.summary.json	0.14	0.2225	0.25872093023255816	0.86	0.09450016231742094	0.14665871595275573	0.39179169186676327	400.0						
vlmbias	gaze_top10_alpha0p5	8	0.5	10	False	segments/vlm_bias_attention/runs/vlmbias_gaze_attention_sweep/vlmbias/qwen25vl_3b_vlmbias_gaze_attention_gaze_top10_alpha0p5_seed8.summary.json	0.15	0.22	0.25882352941176473	0.85	0.09478899960981123	0.14704028813542533	0.39255292947191106	400.0						
vlmbias	gaze_top10_alpha0p5	9	0.5	10	False	segments/vlm_bias_attention/runs/vlmbias_gaze_attention_sweep/vlmbias/qwen25vl_3b_vlmbias_gaze_attention_gaze_top10_alpha0p5_seed9.summary.json	0.1325	0.245	0.2824207492795389	0.8675	0.09426949602092441	0.14676528117085152	0.3925037138306102	400.0						
vlmbias	gaze_top10_alpha10	0	10.0	10	False	segments/vlm_bias_attention/runs/vlmbias_gaze_attention_sweep/vlmbias/qwen25vl_3b_vlmbias_gaze_attention_gaze_top10_alpha10_seed0.summary.json	0.1225	0.2325	0.26495726495726496	0.8775	0.10344953322119005	0.19658632058421227	0.9997622524465934	400.0						
vlmbias	gaze_top10_alpha10	1	10.0	10	False	segments/vlm_bias_attention/runs/vlmbias_gaze_attention_sweep/vlmbias/qwen25vl_3b_vlmbias_gaze_attention_gaze_top10_alpha10_seed1.summary.json	0.14	0.24	0.27906976744186046	0.86	0.10474588817575169	0.19777820842080437	0.9997379405313888	400.0						
vlmbias	gaze_top10_alpha10	2	10.0	10	False	segments/vlm_bias_attention/runs/vlmbias_gaze_attention_sweep/vlmbias/qwen25vl_3b_vlmbias_gaze_attention_gaze_top10_alpha10_seed2.summary.json	0.125	0.225	0.2571428571428571	0.875	0.10396876987208815	0.1969055480291183	0.9997635061025214	400.0						
vlmbias	gaze_top10_alpha10	3	10.0	10	False	segments/vlm_bias_attention/runs/vlmbias_gaze_attention_sweep/vlmbias/qwen25vl_3b_vlmbias_gaze_attention_gaze_top10_alpha10_seed3.summary.json	0.13	0.2575	0.2959770114942529	0.87	0.1039890625927638	0.19744299423259623	0.9997297488064537	400.0						
vlmbias	gaze_top10_alpha10	4	10.0	10	False	segments/vlm_bias_attention/runs/vlmbias_gaze_attention_sweep/vlmbias/qwen25vl_3b_vlmbias_gaze_attention_gaze_top10_alpha10_seed4.summary.json	0.1225	0.23	0.2621082621082621	0.8775	0.10409371397218818	0.19716618339414285	0.9997516240244078	400.0						
vlmbias	gaze_top10_alpha10	5	10.0	10	False	segments/vlm_bias_attention/runs/vlmbias_gaze_attention_sweep/vlmbias/qwen25vl_3b_vlmbias_gaze_attention_gaze_top10_alpha10_seed5.summary.json	0.1275	0.2325	0.2664756446991404	0.8725	0.1038973407223409	0.1973030566011472	0.9997729774757991	400.0						
vlmbias	gaze_top10_alpha10	6	10.0	10	False	segments/vlm_bias_attention/runs/vlmbias_gaze_attention_sweep/vlmbias/qwen25vl_3b_vlmbias_gaze_attention_gaze_top10_alpha10_seed6.summary.json	0.12	0.2425	0.2755681818181818	0.88	0.10396637054755935	0.19713986190276397	0.9997700671694767	400.0						
vlmbias	gaze_top10_alpha10	7	10.0	10	False	segments/vlm_bias_attention/runs/vlmbias_gaze_attention_sweep/vlmbias/qwen25vl_3b_vlmbias_gaze_attention_gaze_top10_alpha10_seed7.summary.json	0.1325	0.235	0.27089337175792505	0.8675	0.10397030996093294	0.1970278377958791	0.9997191296125553	400.0						
vlmbias	gaze_top10_alpha10	8	10.0	10	False	segments/vlm_bias_attention/runs/vlmbias_gaze_attention_sweep/vlmbias/qwen25vl_3b_vlmbias_gaze_attention_gaze_top10_alpha10_seed8.summary.json	0.16	0.215	0.25595238095238093	0.84	0.10391187037667528	0.19686807989657384	0.9997717523445077	400.0						
vlmbias	gaze_top10_alpha10	9	10.0	10	False	segments/vlm_bias_attention/runs/vlmbias_gaze_attention_sweep/vlmbias/qwen25vl_3b_vlmbias_gaze_attention_gaze_top10_alpha10_seed9.summary.json	0.1125	0.2475	0.27887323943661974	0.8875	0.10369298163574565	0.19699718805640523	0.9997450823323915	400.0						
vlmbias	gaze_top10_alpha1	0	1.0	10	False	segments/vlm_bias_attention/runs/vlmbias_gaze_attention_sweep/vlmbias/qwen25vl_3b_vlmbias_gaze_attention_gaze_top10_alpha1_seed0.summary.json	0.125	0.225	0.2571428571428571	0.875	0.09532299440237522	0.15391016126757998	0.4817386188061853	400.0						
vlmbias	gaze_top10_alpha1	1	1.0	10	False	segments/vlm_bias_attention/runs/vlmbias_gaze_attention_sweep/vlmbias/qwen25vl_3b_vlmbias_gaze_attention_gaze_top10_alpha1_seed1.summary.json	0.1275	0.2325	0.2664756446991404	0.8725	0.09666544889308598	0.15523885497858045	0.48218875164313707	400.0						
vlmbias	gaze_top10_alpha1	2	1.0	10	False	segments/vlm_bias_attention/runs/vlmbias_gaze_attention_sweep/vlmbias/qwen25vl_3b_vlmbias_gaze_attention_gaze_top10_alpha1_seed2.summary.json	0.1125	0.225	0.2535211267605634	0.8875	0.09625006377717762	0.15478008020373404	0.48382190321975066	400.0						
vlmbias	gaze_top10_alpha1	3	1.0	10	False	segments/vlm_bias_attention/runs/vlmbias_gaze_attention_sweep/vlmbias/qwen25vl_3b_vlmbias_gaze_attention_gaze_top10_alpha1_seed3.summary.json	0.125	0.275	0.3142857142857143	0.875	0.0960341569792445	0.15520555867959904	0.48353086046740634	400.0						
vlmbias	gaze_top10_alpha1	4	1.0	10	False	segments/vlm_bias_attention/runs/vlmbias_gaze_attention_sweep/vlmbias/qwen25vl_3b_vlmbias_gaze_attention_gaze_top10_alpha1_seed4.summary.json	0.115	0.2275	0.2570621468926554	0.885	0.09596511987060782	0.15466303164362227	0.4833547618125994	400.0						
vlmbias	gaze_top10_alpha1	5	1.0	10	False	segments/vlm_bias_attention/runs/vlmbias_gaze_attention_sweep/vlmbias/qwen25vl_3b_vlmbias_gaze_attention_gaze_top10_alpha1_seed5.summary.json	0.14	0.2425	0.2819767441860465	0.86	0.09561087723988526	0.15408863629135688	0.48187710149173635	400.0						
vlmbias	gaze_top10_alpha1	6	1.0	10	False	segments/vlm_bias_attention/runs/vlmbias_gaze_attention_sweep/vlmbias/qwen25vl_3b_vlmbias_gaze_attention_gaze_top10_alpha1_seed6.summary.json	0.12	0.245	0.2784090909090909	0.88	0.09579216665827538	0.15396983816466578	0.4825435444457271	400.0						
vlmbias	gaze_top10_alpha1	7	1.0	10	False	segments/vlm_bias_attention/runs/vlmbias_gaze_attention_sweep/vlmbias/qwen25vl_3b_vlmbias_gaze_attention_gaze_top10_alpha1_seed7.summary.json	0.1425	0.22	0.2565597667638484	0.8575	0.09578548393579756	0.15416154873080795	0.48239021767493034	400.0						
vlmbias	gaze_top10_alpha1	8	1.0	10	False	segments/vlm_bias_attention/runs/vlmbias_gaze_attention_sweep/vlmbias/qwen25vl_3b_vlmbias_gaze_attention_gaze_top10_alpha1_seed8.summary.json	0.155	0.2225	0.26331360946745563	0.845	0.09603797564851896	0.15455162113646503	0.48312156586766414	400.0						
vlmbias	gaze_top10_alpha1	9	1.0	10	False	segments/vlm_bias_attention/runs/vlmbias_gaze_attention_sweep/vlmbias/qwen25vl_3b_vlmbias_gaze_attention_gaze_top10_alpha1_seed9.summary.json	0.1225	0.24	0.27350427350427353	0.8775	0.0957393627586538	0.15463298037403067	0.4838151761438621	400.0						
vlmbias	gaze_top10_alpha2	0	2.0	10	False	segments/vlm_bias_attention/runs/vlmbias_gaze_attention_sweep/vlmbias/qwen25vl_3b_vlmbias_gaze_attention_gaze_top10_alpha2_seed0.summary.json	0.1275	0.2275	0.2607449856733524	0.8725	0.09832538744551762	0.16952858974340412	0.6594763917004576	400.0						
vlmbias	gaze_top10_alpha2	1	2.0	10	False	segments/vlm_bias_attention/runs/vlmbias_gaze_attention_sweep/vlmbias/qwen25vl_3b_vlmbias_gaze_attention_gaze_top10_alpha2_seed1.summary.json	0.14	0.25	0.29069767441860467	0.86	0.0996546866705327	0.17062577358867734	0.6584585228905826	400.0						
vlmbias	gaze_top10_alpha2	2	2.0	10	False	segments/vlm_bias_attention/runs/vlmbias_gaze_attention_sweep/vlmbias/qwen25vl_3b_vlmbias_gaze_attention_gaze_top10_alpha2_seed2.summary.json	0.11	0.2475	0.27808988764044945	0.89	0.09908402175093349	0.1698515487609223	0.6597928296143059	400.0						
vlmbias	gaze_top10_alpha2	3	2.0	10	False	segments/vlm_bias_attention/runs/vlmbias_gaze_attention_sweep/vlmbias/qwen25vl_3b_vlmbias_gaze_attention_gaze_top10_alpha2_seed3.summary.json	0.12	0.275	0.3125	0.88	0.09903188697387638	0.17059028812362453	0.6596996449436675	400.0						
vlmbias	gaze_top10_alpha2	4	2.0	10	False	segments/vlm_bias_attention/runs/vlmbias_gaze_attention_sweep/vlmbias/qwen25vl_3b_vlmbias_gaze_attention_gaze_top10_alpha2_seed4.summary.json	0.115	0.2375	0.268361581920904	0.885	0.09901978607616219	0.16995897846828534	0.6606266224172701	400.0						
vlmbias	gaze_top10_alpha2	5	2.0	10	False	segments/vlm_bias_attention/runs/vlmbias_gaze_attention_sweep/vlmbias/qwen25vl_3b_vlmbias_gaze_attention_gaze_top10_alpha2_seed5.summary.json	0.13	0.235	0.27011494252873564	0.87	0.09871942680751107	0.1696197102435099	0.658799994313741	400.0						
vlmbias	gaze_top10_alpha2	6	2.0	10	False	segments/vlm_bias_attention/runs/vlmbias_gaze_attention_sweep/vlmbias/qwen25vl_3b_vlmbias_gaze_attention_gaze_top10_alpha2_seed6.summary.json	0.1225	0.245	0.2792022792022792	0.8775	0.09887047698468422	0.16971378981010996	0.6597683926813406	400.0						
vlmbias	gaze_top10_alpha2	7	2.0	10	False	segments/vlm_bias_attention/runs/vlmbias_gaze_attention_sweep/vlmbias/qwen25vl_3b_vlmbias_gaze_attention_gaze_top10_alpha2_seed7.summary.json	0.14	0.24	0.27906976744186046	0.86	0.09878252530037455	0.16979631054353742	0.6581779809951205	400.0						
vlmbias	gaze_top10_alpha2	8	2.0	10	False	segments/vlm_bias_attention/runs/vlmbias_gaze_attention_sweep/vlmbias/qwen25vl_3b_vlmbias_gaze_attention_gaze_top10_alpha2_seed8.summary.json	0.1425	0.235	0.27405247813411077	0.8575	0.09874377805736208	0.16982049062338722	0.6599994638849769	400.0						
vlmbias	gaze_top10_alpha2	9	2.0	10	False	segments/vlm_bias_attention/runs/vlmbias_gaze_attention_sweep/vlmbias/qwen25vl_3b_vlmbias_gaze_attention_gaze_top10_alpha2_seed9.summary.json	0.12	0.25	0.2840909090909091	0.88	0.09882076757398942	0.17025561316061977	0.6606602001347432	400.0						
vlmbias	gaze_top10_alpha5	0	5.0	10	False	segments/vlm_bias_attention/runs/vlmbias_gaze_attention_sweep/vlmbias/qwen25vl_3b_vlmbias_gaze_attention_gaze_top10_alpha5_seed0.summary.json	0.1275	0.235	0.2693409742120344	0.8725	0.10279378253927059	0.19304841274182238	0.9539587307455031	400.0						
vlmbias	gaze_top10_alpha5	1	5.0	10	False	segments/vlm_bias_attention/runs/vlmbias_gaze_attention_sweep/vlmbias/qwen25vl_3b_vlmbias_gaze_attention_gaze_top10_alpha5_seed1.summary.json	0.145	0.25	0.29239766081871343	0.855	0.10382638189113154	0.19380547665009537	0.9533835019582668	400.0						
vlmbias	gaze_top10_alpha5	2	5.0	10	False	segments/vlm_bias_attention/runs/vlmbias_gaze_attention_sweep/vlmbias/qwen25vl_3b_vlmbias_gaze_attention_gaze_top10_alpha5_seed2.summary.json	0.1175	0.2425	0.2747875354107649	0.8825	0.10337333880074712	0.19337616109111835	0.9537598592951692	400.0						
vlmbias	gaze_top10_alpha5	3	5.0	10	False	segments/vlm_bias_attention/runs/vlmbias_gaze_attention_sweep/vlmbias/qwen25vl_3b_vlmbias_gaze_attention_gaze_top10_alpha5_seed3.summary.json	0.1225	0.26	0.2962962962962963	0.8775	0.10330513822656946	0.19389093104862742	0.9539758856170378	400.0						
vlmbias	gaze_top10_alpha5	4	5.0	10	False	segments/vlm_bias_attention/runs/vlmbias_gaze_attention_sweep/vlmbias/qwen25vl_3b_vlmbias_gaze_attention_gaze_top10_alpha5_seed4.summary.json	0.1225	0.23	0.2621082621082621	0.8775	0.10320489034365032	0.19345292197421518	0.9538983356309443	400.0						
vlmbias	gaze_top10_alpha5	5	5.0	10	False	segments/vlm_bias_attention/runs/vlmbias_gaze_attention_sweep/vlmbias/qwen25vl_3b_vlmbias_gaze_attention_gaze_top10_alpha5_seed5.summary.json	0.125	0.24	0.2742857142857143	0.875	0.10316541341309429	0.1934891896402699	0.953449997545315	400.0						
vlmbias	gaze_top10_alpha5	6	5.0	10	False	segments/vlm_bias_attention/runs/vlmbias_gaze_attention_sweep/vlmbias/qwen25vl_3b_vlmbias_gaze_attention_gaze_top10_alpha5_seed6.summary.json	0.12	0.245	0.2784090909090909	0.88	0.10335651532710102	0.19340267659687566	0.9537911136532012	400.0						
vlmbias	gaze_top10_alpha5	7	5.0	10	False	segments/vlm_bias_attention/runs/vlmbias_gaze_attention_sweep/vlmbias/qwen25vl_3b_vlmbias_gaze_attention_gaze_top10_alpha5_seed7.summary.json	0.14	0.2375	0.2761627906976744	0.86	0.10328248194182381	0.19327175671683544	0.9536127667594997	400.0						
vlmbias	gaze_top10_alpha5	8	5.0	10	False	segments/vlm_bias_attention/runs/vlmbias_gaze_attention_sweep/vlmbias/qwen25vl_3b_vlmbias_gaze_attention_gaze_top10_alpha5_seed8.summary.json	0.1525	0.2175	0.25663716814159293	0.8475	0.10315279406487106	0.193190826904668	0.9540366109651588	400.0						
vlmbias	gaze_top10_alpha5	9	5.0	10	False	segments/vlm_bias_attention/runs/vlmbias_gaze_attention_sweep/vlmbias/qwen25vl_3b_vlmbias_gaze_attention_gaze_top10_alpha5_seed9.summary.json	0.11	0.26	0.29213483146067415	0.89	0.10292799338771688	0.19324063719034906	0.9537468201975146	400.0						
vlmbias	gaze_top1_alpha0p25	0	0.25	1	False	segments/vlm_bias_attention/runs/vlmbias_gaze_attention_sweep/vlmbias/qwen25vl_3b_vlmbias_gaze_attention_gaze_top1_alpha0p25_seed0.summary.json	0.1175	0.21	0.23796033994334279	0.8825	0.09278348560872039	0.04778353115987903	0.4564459184124356	400.0						
vlmbias	gaze_top1_alpha0p25	1	0.25	1	False	segments/vlm_bias_attention/runs/vlmbias_gaze_attention_sweep/vlmbias/qwen25vl_3b_vlmbias_gaze_attention_gaze_top1_alpha0p25_seed1.summary.json	0.1375	0.235	0.27246376811594203	0.8625	0.09392254340747176	0.047911954619483804	0.45625596777976507	400.0						
vlmbias	gaze_top1_alpha0p25	2	0.25	1	False	segments/vlm_bias_attention/runs/vlmbias_gaze_attention_sweep/vlmbias/qwen25vl_3b_vlmbias_gaze_attention_gaze_top1_alpha0p25_seed2.summary.json	0.11	0.225	0.25280898876404495	0.89	0.09351967628357898	0.04801451828563401	0.4585764097770055	400.0						
vlmbias	gaze_top1_alpha0p25	3	0.25	1	False	segments/vlm_bias_attention/runs/vlmbias_gaze_attention_sweep/vlmbias/qwen25vl_3b_vlmbias_gaze_attention_gaze_top1_alpha0p25_seed3.summary.json	0.115	0.2675	0.3022598870056497	0.885	0.0930402888244809	0.04872020912973492	0.4619854796349056	400.0						
vlmbias	gaze_top1_alpha0p25	4	0.25	1	False	segments/vlm_bias_attention/runs/vlmbias_gaze_attention_sweep/vlmbias/qwen25vl_3b_vlmbias_gaze_attention_gaze_top1_alpha0p25_seed4.summary.json	0.115	0.235	0.2655367231638418	0.885	0.09298837437047046	0.04794312557724665	0.45845927794512376	400.0						
vlmbias	gaze_top1_alpha0p25	5	0.25	1	False	segments/vlm_bias_attention/runs/vlmbias_gaze_attention_sweep/vlmbias/qwen25vl_3b_vlmbias_gaze_attention_gaze_top1_alpha0p25_seed5.summary.json	0.1325	0.2325	0.2680115273775216	0.8675	0.09306709179312835	0.04756804871757789	0.4543060398291028	400.0						
vlmbias	gaze_top1_alpha0p25	6	0.25	1	False	segments/vlm_bias_attention/runs/vlmbias_gaze_attention_sweep/vlmbias/qwen25vl_3b_vlmbias_gaze_attention_gaze_top1_alpha0p25_seed6.summary.json	0.115	0.245	0.2768361581920904	0.885	0.09300782562901214	0.04769672199195952	0.45526461964871456	400.0						
vlmbias	gaze_top1_alpha0p25	7	0.25	1	False	segments/vlm_bias_attention/runs/vlmbias_gaze_attention_sweep/vlmbias/qwen25vl_3b_vlmbias_gaze_attention_gaze_top1_alpha0p25_seed7.summary.json	0.1325	0.2225	0.2564841498559078	0.8675	0.0927493405159932	0.04735408856478309	0.4541324009190906	400.0						
vlmbias	gaze_top1_alpha0p25	8	0.25	1	False	segments/vlm_bias_attention/runs/vlmbias_gaze_attention_sweep/vlmbias/qwen25vl_3b_vlmbias_gaze_attention_gaze_top1_alpha0p25_seed8.summary.json	0.1475	0.21	0.24633431085043989	0.8525	0.09330283060100564	0.04715556705724226	0.4514181942674849	400.0						
vlmbias	gaze_top1_alpha0p25	9	0.25	1	False	segments/vlm_bias_attention/runs/vlmbias_gaze_attention_sweep/vlmbias/qwen25vl_3b_vlmbias_gaze_attention_gaze_top1_alpha0p25_seed9.summary.json	0.125	0.24	0.2742857142857143	0.875	0.09309967737720895	0.04796429803386878	0.45801360176858447	400.0						
vlmbias	gaze_top1_alpha0p5	0	0.5	1	False	segments/vlm_bias_attention/runs/vlmbias_gaze_attention_sweep/vlmbias/qwen25vl_3b_vlmbias_gaze_attention_gaze_top1_alpha0p5_seed0.summary.json	0.115	0.22	0.24858757062146894	0.885	0.09255809123470851	0.050272581039698866	0.4956109155607165	400.0						
vlmbias	gaze_top1_alpha0p5	1	0.5	1	False	segments/vlm_bias_attention/runs/vlmbias_gaze_attention_sweep/vlmbias/qwen25vl_3b_vlmbias_gaze_attention_gaze_top1_alpha0p5_seed1.summary.json	0.1325	0.23	0.26512968299711814	0.8675	0.09381529745811062	0.050659299684521264	0.4974368930647383	400.0						
vlmbias	gaze_top1_alpha0p5	2	0.5	1	False	segments/vlm_bias_attention/runs/vlmbias_gaze_attention_sweep/vlmbias/qwen25vl_3b_vlmbias_gaze_attention_gaze_top1_alpha0p5_seed2.summary.json	0.0975	0.2375	0.2631578947368421	0.9025	0.09347444545749932	0.05044950191783977	0.4975103494326274	400.0						
vlmbias	gaze_top1_alpha0p5	3	0.5	1	False	segments/vlm_bias_attention/runs/vlmbias_gaze_attention_sweep/vlmbias/qwen25vl_3b_vlmbias_gaze_attention_gaze_top1_alpha0p5_seed3.summary.json	0.1175	0.27	0.3059490084985836	0.8825	0.09313007901510093	0.051158909776571414	0.5019268518705217	400.0						
vlmbias	gaze_top1_alpha0p5	4	0.5	1	False	segments/vlm_bias_attention/runs/vlmbias_gaze_attention_sweep/vlmbias/qwen25vl_3b_vlmbias_gaze_attention_gaze_top1_alpha0p5_seed4.summary.json	0.1175	0.23	0.26062322946175637	0.8825	0.0930088237531153	0.05039644877951645	0.49779666815863716	400.0						
vlmbias	gaze_top1_alpha0p5	5	0.5	1	False	segments/vlm_bias_attention/runs/vlmbias_gaze_attention_sweep/vlmbias/qwen25vl_3b_vlmbias_gaze_attention_gaze_top1_alpha0p5_seed5.summary.json	0.135	0.22	0.2543352601156069	0.865	0.09311302607076684	0.050031976036040024	0.4944354296033345	400.0						
vlmbias	gaze_top1_alpha0p5	6	0.5	1	False	segments/vlm_bias_attention/runs/vlmbias_gaze_attention_sweep/vlmbias/qwen25vl_3b_vlmbias_gaze_attention_gaze_top1_alpha0p5_seed6.summary.json	0.115	0.2425	0.2740112994350282	0.885	0.09301096597210487	0.05012575027764195	0.4947022077593452	400.0						
vlmbias	gaze_top1_alpha0p5	7	0.5	1	False	segments/vlm_bias_attention/runs/vlmbias_gaze_attention_sweep/vlmbias/qwen25vl_3b_vlmbias_gaze_attention_gaze_top1_alpha0p5_seed7.summary.json	0.13	0.23	0.26436781609195403	0.87	0.09282162318301758	0.04991454145111192	0.4954803840007498	400.0						
vlmbias	gaze_top1_alpha0p5	8	0.5	1	False	segments/vlm_bias_attention/runs/vlmbias_gaze_attention_sweep/vlmbias/qwen25vl_3b_vlmbias_gaze_attention_gaze_top1_alpha0p5_seed8.summary.json	0.15	0.21	0.24705882352941178	0.85	0.09313498160169335	0.0496323640255797	0.4909525708395337	400.0						
vlmbias	gaze_top1_alpha0p5	9	0.5	1	False	segments/vlm_bias_attention/runs/vlmbias_gaze_attention_sweep/vlmbias/qwen25vl_3b_vlmbias_gaze_attention_gaze_top1_alpha0p5_seed9.summary.json	0.12	0.2425	0.2755681818181818	0.88	0.09294656412045343	0.050215138244545196	0.49791022035337634	400.0						
vlmbias	gaze_top1_alpha10	0	10.0	1	False	segments/vlm_bias_attention/runs/vlmbias_gaze_attention_sweep/vlmbias/qwen25vl_3b_vlmbias_gaze_attention_gaze_top1_alpha10_seed0.summary.json	0.1175	0.215	0.24362606232294617	0.8825	0.09362850127658875	0.08173942412897235	0.9991903018043155	400.0						
vlmbias	gaze_top1_alpha10	1	10.0	1	False	segments/vlm_bias_attention/runs/vlmbias_gaze_attention_sweep/vlmbias/qwen25vl_3b_vlmbias_gaze_attention_gaze_top1_alpha10_seed1.summary.json	0.13	0.2375	0.27298850574712646	0.87	0.09485650766298497	0.08197810449731512	0.9989095263460497	400.0						
vlmbias	gaze_top1_alpha10	2	10.0	1	False	segments/vlm_bias_attention/runs/vlmbias_gaze_attention_sweep/vlmbias/qwen25vl_3b_vlmbias_gaze_attention_gaze_top1_alpha10_seed2.summary.json	0.1	0.24	0.26666666666666666	0.9	0.09472075641323378	0.08233991440278404	0.998957042875744	400.0						
vlmbias	gaze_top1_alpha10	3	10.0	1	False	segments/vlm_bias_attention/runs/vlmbias_gaze_attention_sweep/vlmbias/qwen25vl_3b_vlmbias_gaze_attention_gaze_top1_alpha10_seed3.summary.json	0.12	0.28	0.3181818181818182	0.88	0.0942187958802274	0.08254077140680913	0.998984630766369	400.0						
vlmbias	gaze_top1_alpha10	4	10.0	1	False	segments/vlm_bias_attention/runs/vlmbias_gaze_attention_sweep/vlmbias/qwen25vl_3b_vlmbias_gaze_attention_gaze_top1_alpha10_seed4.summary.json	0.11	0.235	0.2640449438202247	0.89	0.09395524038002971	0.08194333210656954	0.9989694591703869	400.0						
vlmbias	gaze_top1_alpha10	5	10.0	1	False	segments/vlm_bias_attention/runs/vlmbias_gaze_attention_sweep/vlmbias/qwen25vl_3b_vlmbias_gaze_attention_gaze_top1_alpha10_seed5.summary.json	0.1325	0.2425	0.27953890489913547	0.8675	0.0941989262689139	0.08192082149972622	0.9991307624937995	400.0						
vlmbias	gaze_top1_alpha10	6	10.0	1	False	segments/vlm_bias_attention/runs/vlmbias_gaze_attention_sweep/vlmbias/qwen25vl_3b_vlmbias_gaze_attention_gaze_top1_alpha10_seed6.summary.json	0.12	0.25	0.2840909090909091	0.88	0.09428239808636359	0.08197025730509665	0.9991241629464285	400.0						
vlmbias	gaze_top1_alpha10	7	10.0	1	False	segments/vlm_bias_attention/runs/vlmbias_gaze_attention_sweep/vlmbias/qwen25vl_3b_vlmbias_gaze_attention_gaze_top1_alpha10_seed7.summary.json	0.13	0.2225	0.2557471264367816	0.87	0.09401251171970769	0.08154147934708522	0.9986312953404018	400.0						
vlmbias	gaze_top1_alpha10	8	10.0	1	False	segments/vlm_bias_attention/runs/vlmbias_gaze_attention_sweep/vlmbias/qwen25vl_3b_vlmbias_gaze_attention_gaze_top1_alpha10_seed8.summary.json	0.15	0.2225	0.26176470588235295	0.85	0.0943529084900012	0.08170685476050055	0.9990577973865328	400.0						
vlmbias	gaze_top1_alpha10	9	10.0	1	False	segments/vlm_bias_attention/runs/vlmbias_gaze_attention_sweep/vlmbias/qwen25vl_3b_vlmbias_gaze_attention_gaze_top1_alpha10_seed9.summary.json	0.1175	0.2425	0.2747875354107649	0.8825	0.09409393422828648	0.08199643557288847	0.9988321940104167	400.0						
vlmbias	gaze_top1_alpha1	0	1.0	1	False	segments/vlm_bias_attention/runs/vlmbias_gaze_attention_sweep/vlmbias/qwen25vl_3b_vlmbias_gaze_attention_gaze_top1_alpha1_seed0.summary.json	0.1225	0.2175	0.24786324786324787	0.8775	0.0926580567271003	0.054834386803110924	0.5713541402514019	400.0						
vlmbias	gaze_top1_alpha1	1	1.0	1	False	segments/vlm_bias_attention/runs/vlmbias_gaze_attention_sweep/vlmbias/qwen25vl_3b_vlmbias_gaze_attention_gaze_top1_alpha1_seed1.summary.json	0.13	0.235	0.27011494252873564	0.87	0.09410671520992424	0.05512942015740924	0.5716519445086282	400.0						
vlmbias	gaze_top1_alpha1	2	1.0	1	False	segments/vlm_bias_attention/runs/vlmbias_gaze_attention_sweep/vlmbias/qwen25vl_3b_vlmbias_gaze_attention_gaze_top1_alpha1_seed2.summary.json	0.1075	0.235	0.26330532212885155	0.8925	0.09365270438430859	0.05555527589707598	0.5764147293264904	400.0						
vlmbias	gaze_top1_alpha1	3	1.0	1	False	segments/vlm_bias_attention/runs/vlmbias_gaze_attention_sweep/vlmbias/qwen25vl_3b_vlmbias_gaze_attention_gaze_top1_alpha1_seed3.summary.json	0.1225	0.28	0.3190883190883191	0.8775	0.09354305070912314	0.056195308776093744	0.5801627021971203	400.0						
vlmbias	gaze_top1_alpha1	4	1.0	1	False	segments/vlm_bias_attention/runs/vlmbias_gaze_attention_sweep/vlmbias/qwen25vl_3b_vlmbias_gaze_attention_gaze_top1_alpha1_seed4.summary.json	0.1125	0.23	0.2591549295774648	0.8875	0.09315788907490613	0.05506454428841844	0.5741324376186608	400.0						
vlmbias	gaze_top1_alpha1	5	1.0	1	False	segments/vlm_bias_attention/runs/vlmbias_gaze_attention_sweep/vlmbias/qwen25vl_3b_vlmbias_gaze_attention_gaze_top1_alpha1_seed5.summary.json	0.1325	0.2375	0.2737752161383285	0.8675	0.09323054198917789	0.054854884522853815	0.5721840774527877	400.0						
vlmbias	gaze_top1_alpha1	6	1.0	1	False	segments/vlm_bias_attention/runs/vlmbias_gaze_attention_sweep/vlmbias/qwen25vl_3b_vlmbias_gaze_attention_gaze_top1_alpha1_seed6.summary.json	0.1175	0.2425	0.2747875354107649	0.8825	0.09313501605749411	0.054830647635406675	0.5671070430846441	400.0						
vlmbias	gaze_top1_alpha1	7	1.0	1	False	segments/vlm_bias_attention/runs/vlmbias_gaze_attention_sweep/vlmbias/qwen25vl_3b_vlmbias_gaze_attention_gaze_top1_alpha1_seed7.summary.json	0.135	0.2275	0.2630057803468208	0.865	0.09292472493458633	0.05466838605951385	0.5710814134625646	400.0						
vlmbias	gaze_top1_alpha1	8	1.0	1	False	segments/vlm_bias_attention/runs/vlmbias_gaze_attention_sweep/vlmbias/qwen25vl_3b_vlmbias_gaze_attention_gaze_top1_alpha1_seed8.summary.json	0.1525	0.2175	0.25663716814159293	0.8475	0.0934659584974416	0.05447584504554869	0.5673209125730727	400.0						
vlmbias	gaze_top1_alpha1	9	1.0	1	False	segments/vlm_bias_attention/runs/vlmbias_gaze_attention_sweep/vlmbias/qwen25vl_3b_vlmbias_gaze_attention_gaze_top1_alpha1_seed9.summary.json	0.12	0.25	0.2840909090909091	0.88	0.09329500618168968	0.05512158659107601	0.5745090717436776	400.0						
vlmbias	gaze_top1_alpha2	0	2.0	1	False	segments/vlm_bias_attention/runs/vlmbias_gaze_attention_sweep/vlmbias/qwen25vl_3b_vlmbias_gaze_attention_gaze_top1_alpha2_seed0.summary.json	0.125	0.22	0.25142857142857145	0.875	0.09297426410645693	0.06347667929121908	0.7081002592370915	400.0						
vlmbias	gaze_top1_alpha2	1	2.0	1	False	segments/vlm_bias_attention/runs/vlmbias_gaze_attention_sweep/vlmbias/qwen25vl_3b_vlmbias_gaze_attention_gaze_top1_alpha2_seed1.summary.json	0.13	0.2375	0.27298850574712646	0.87	0.09435212839687171	0.06376641293871027	0.7071078728968964	400.0						
vlmbias	gaze_top1_alpha2	2	2.0	1	False	segments/vlm_bias_attention/runs/vlmbias_gaze_attention_sweep/vlmbias/qwen25vl_3b_vlmbias_gaze_attention_gaze_top1_alpha2_seed2.summary.json	0.095	0.25	0.27624309392265195	0.905	0.09387379727240278	0.06406566907004047	0.7095891502925328	400.0						
vlmbias	gaze_top1_alpha2	3	2.0	1	False	segments/vlm_bias_attention/runs/vlmbias_gaze_attention_sweep/vlmbias/qwen25vl_3b_vlmbias_gaze_attention_gaze_top1_alpha2_seed3.summary.json	0.125	0.265	0.3028571428571429	0.875	0.09356179258254091	0.06468550695725606	0.7138662528688946	400.0						
vlmbias	gaze_top1_alpha2	4	2.0	1	False	segments/vlm_bias_attention/runs/vlmbias_gaze_attention_sweep/vlmbias/qwen25vl_3b_vlmbias_gaze_attention_gaze_top1_alpha2_seed4.summary.json	0.115	0.225	0.2542372881355932	0.885	0.09343278139916512	0.06343823889389619	0.7086925996074747	400.0						
vlmbias	gaze_top1_alpha2	5	2.0	1	False	segments/vlm_bias_attention/runs/vlmbias_gaze_attention_sweep/vlmbias/qwen25vl_3b_vlmbias_gaze_attention_gaze_top1_alpha2_seed5.summary.json	0.1275	0.24	0.27507163323782235	0.8725	0.09344607218918227	0.0634239003454005	0.706669710601047	400.0						
vlmbias	gaze_top1_alpha2	6	2.0	1	False	segments/vlm_bias_attention/runs/vlmbias_gaze_attention_sweep/vlmbias/qwen25vl_3b_vlmbias_gaze_attention_gaze_top1_alpha2_seed6.summary.json	0.125	0.2475	0.28285714285714286	0.875	0.09342144603086319	0.06312168131456045	0.7029401607967558	400.0						
vlmbias	gaze_top1_alpha2	7	2.0	1	False	segments/vlm_bias_attention/runs/vlmbias_gaze_attention_sweep/vlmbias/qwen25vl_3b_vlmbias_gaze_attention_gaze_top1_alpha2_seed7.summary.json	0.13	0.225	0.25862068965517243	0.87	0.09324832823757621	0.063053766502838	0.7048973056248257	400.0						
vlmbias	gaze_top1_alpha2	8	2.0	1	False	segments/vlm_bias_attention/runs/vlmbias_gaze_attention_sweep/vlmbias/qwen25vl_3b_vlmbias_gaze_attention_gaze_top1_alpha2_seed8.summary.json	0.15	0.22	0.25882352941176473	0.85	0.09360266964125323	0.0630705716402231	0.705005298399081	400.0						
vlmbias	gaze_top1_alpha2	9	2.0	1	False	segments/vlm_bias_attention/runs/vlmbias_gaze_attention_sweep/vlmbias/qwen25vl_3b_vlmbias_gaze_attention_gaze_top1_alpha2_seed9.summary.json	0.12	0.245	0.2784090909090909	0.88	0.09329432077484848	0.06404455545805866	0.7124381037666684	400.0						
vlmbias	gaze_top1_alpha5	0	5.0	1	False	segments/vlm_bias_attention/runs/vlmbias_gaze_attention_sweep/vlmbias/qwen25vl_3b_vlmbias_gaze_attention_gaze_top1_alpha5_seed0.summary.json	0.12	0.2275	0.2585227272727273	0.88	0.09366121170633386	0.07817670160142283	0.9394049679263606	400.0						
vlmbias	gaze_top1_alpha5	1	5.0	1	False	segments/vlm_bias_attention/runs/vlmbias_gaze_attention_sweep/vlmbias/qwen25vl_3b_vlmbias_gaze_attention_gaze_top1_alpha5_seed1.summary.json	0.13	0.2325	0.2672413793103448	0.87	0.09482004812885854	0.07813552673483182	0.936447990054176	400.0						
vlmbias	gaze_top1_alpha5	2	5.0	1	False	segments/vlm_bias_attention/runs/vlmbias_gaze_attention_sweep/vlmbias/qwen25vl_3b_vlmbias_gaze_attention_gaze_top1_alpha5_seed2.summary.json	0.105	0.2375	0.26536312849162014	0.895	0.09441224969974606	0.07804706136590159	0.9370071098690942	400.0						
vlmbias	gaze_top1_alpha5	3	5.0	1	False	segments/vlm_bias_attention/runs/vlmbias_gaze_attention_sweep/vlmbias/qwen25vl_3b_vlmbias_gaze_attention_gaze_top1_alpha5_seed3.summary.json	0.12	0.2775	0.3153409090909091	0.88	0.09412784040022074	0.07880083420489442	0.9402205863831535	400.0						
vlmbias	gaze_top1_alpha5	4	5.0	1	False	segments/vlm_bias_attention/runs/vlmbias_gaze_attention_sweep/vlmbias/qwen25vl_3b_vlmbias_gaze_attention_gaze_top1_alpha5_seed4.summary.json	0.12	0.2225	0.2528409090909091	0.88	0.09384621641633477	0.07813130622884695	0.9373904782249813	400.0						
vlmbias	gaze_top1_alpha5	5	5.0	1	False	segments/vlm_bias_attention/runs/vlmbias_gaze_attention_sweep/vlmbias/qwen25vl_3b_vlmbias_gaze_attention_gaze_top1_alpha5_seed5.summary.json	0.135	0.2375	0.2745664739884393	0.865	0.09412000760778158	0.07813267563115288	0.9381351546030195	400.0						
vlmbias	gaze_top1_alpha5	6	5.0	1	False	segments/vlm_bias_attention/runs/vlmbias_gaze_attention_sweep/vlmbias/qwen25vl_3b_vlmbias_gaze_attention_gaze_top1_alpha5_seed6.summary.json	0.115	0.25	0.2824858757062147	0.885	0.09407275977830527	0.07812385148282296	0.9383319280715215	400.0						
vlmbias	gaze_top1_alpha5	7	5.0	1	False	segments/vlm_bias_attention/runs/vlmbias_gaze_attention_sweep/vlmbias/qwen25vl_3b_vlmbias_gaze_attention_gaze_top1_alpha5_seed7.summary.json	0.1275	0.23	0.2636103151862464	0.8725	0.09389026486372684	0.07751628771633286	0.9356015984671457	400.0						
vlmbias	gaze_top1_alpha5	8	5.0	1	False	segments/vlm_bias_attention/runs/vlmbias_gaze_attention_sweep/vlmbias/qwen25vl_3b_vlmbias_gaze_attention_gaze_top1_alpha5_seed8.summary.json	0.1525	0.225	0.26548672566371684	0.8475	0.09423581386431254	0.07776354216539526	0.9370290135347509	400.0						
vlmbias	gaze_top1_alpha5	9	5.0	1	False	segments/vlm_bias_attention/runs/vlmbias_gaze_attention_sweep/vlmbias/qwen25vl_3b_vlmbias_gaze_attention_gaze_top1_alpha5_seed9.summary.json	0.1175	0.25	0.28328611898017	0.8825	0.09393379086011294	0.0783947956531885	0.9396021198091052	400.0						
vlmbias	gaze_top20_alpha0p25	0	0.25	20	False	segments/vlm_bias_attention/runs/vlmbias_gaze_attention_sweep/vlmbias/qwen25vl_3b_vlmbias_gaze_attention_gaze_top20_alpha0p25_seed0.summary.json	0.12	0.22	0.25	0.88	0.0937769510451485	0.13146962671254142	0.3370163723019508	400.0						
vlmbias	gaze_top20_alpha0p25	1	0.25	20	False	segments/vlm_bias_attention/runs/vlmbias_gaze_attention_sweep/vlmbias/qwen25vl_3b_vlmbias_gaze_attention_gaze_top20_alpha0p25_seed1.summary.json	0.1325	0.2275	0.2622478386167147	0.8675	0.0951594300236489	0.13227777704511573	0.33652435477877596	400.0						
vlmbias	gaze_top20_alpha0p25	2	0.25	20	False	segments/vlm_bias_attention/runs/vlmbias_gaze_attention_sweep/vlmbias/qwen25vl_3b_vlmbias_gaze_attention_gaze_top20_alpha0p25_seed2.summary.json	0.105	0.2325	0.25977653631284914	0.895	0.09460115018483782	0.13186426784595592	0.3386875978143363	400.0						
vlmbias	gaze_top20_alpha0p25	3	0.25	20	False	segments/vlm_bias_attention/runs/vlmbias_gaze_attention_sweep/vlmbias/qwen25vl_3b_vlmbias_gaze_attention_gaze_top20_alpha0p25_seed3.summary.json	0.115	0.2625	0.2966101694915254	0.885	0.0943269170217155	0.13211192202718716	0.3378882919066451	400.0						
vlmbias	gaze_top20_alpha0p25	4	0.25	20	False	segments/vlm_bias_attention/runs/vlmbias_gaze_attention_sweep/vlmbias/qwen25vl_3b_vlmbias_gaze_attention_gaze_top20_alpha0p25_seed4.summary.json	0.115	0.2225	0.2514124293785311	0.885	0.09412642940228462	0.13152728750657805	0.3373999594753038	400.0						
vlmbias	gaze_top20_alpha0p25	5	0.25	20	False	segments/vlm_bias_attention/runs/vlmbias_gaze_attention_sweep/vlmbias/qwen25vl_3b_vlmbias_gaze_attention_gaze_top20_alpha0p25_seed5.summary.json	0.14	0.2275	0.26453488372093026	0.86	0.0940674441016606	0.13168784704867495	0.3382207951643767	400.0						
vlmbias	gaze_top20_alpha0p25	6	0.25	20	False	segments/vlm_bias_attention/runs/vlmbias_gaze_attention_sweep/vlmbias/qwen25vl_3b_vlmbias_gaze_attention_gaze_top20_alpha0p25_seed6.summary.json	0.12	0.2425	0.2755681818181818	0.88	0.09407951627738013	0.13118455424306671	0.3370090331401915	400.0						
vlmbias	gaze_top20_alpha0p25	7	0.25	20	False	segments/vlm_bias_attention/runs/vlmbias_gaze_attention_sweep/vlmbias/qwen25vl_3b_vlmbias_gaze_attention_gaze_top20_alpha0p25_seed7.summary.json	0.135	0.225	0.26011560693641617	0.865	0.09411775895382382	0.1314618308261976	0.33690361528411195	400.0						
vlmbias	gaze_top20_alpha0p25	8	0.25	20	False	segments/vlm_bias_attention/runs/vlmbias_gaze_attention_sweep/vlmbias/qwen25vl_3b_vlmbias_gaze_attention_gaze_top20_alpha0p25_seed8.summary.json	0.1475	0.22	0.25806451612903225	0.8525	0.094218767838485	0.13163093224961644	0.33656954255141225	400.0						
vlmbias	gaze_top20_alpha0p25	9	0.25	20	False	segments/vlm_bias_attention/runs/vlmbias_gaze_attention_sweep/vlmbias/qwen25vl_3b_vlmbias_gaze_attention_gaze_top20_alpha0p25_seed9.summary.json	0.12	0.2475	0.28125	0.88	0.09397072718575802	0.1315987357134517	0.33718770650077146	400.0						
vlmbias	gaze_top20_alpha0p5	0	0.5	20	False	segments/vlm_bias_attention/runs/vlmbias_gaze_attention_sweep/vlmbias/qwen25vl_3b_vlmbias_gaze_attention_gaze_top20_alpha0p5_seed0.summary.json	0.11	0.235	0.2640449438202247	0.89	0.09503216697289404	0.13709676670408924	0.37842528326739683	400.0						
vlmbias	gaze_top20_alpha0p5	1	0.5	20	False	segments/vlm_bias_attention/runs/vlmbias_gaze_attention_sweep/vlmbias/qwen25vl_3b_vlmbias_gaze_attention_gaze_top20_alpha0p5_seed1.summary.json	0.1275	0.245	0.2808022922636103	0.8725	0.09631261492031593	0.1378678442759166	0.3780546536664233	400.0						
vlmbias	gaze_top20_alpha0p5	2	0.5	20	False	segments/vlm_bias_attention/runs/vlmbias_gaze_attention_sweep/vlmbias/qwen25vl_3b_vlmbias_gaze_attention_gaze_top20_alpha0p5_seed2.summary.json	0.105	0.235	0.26256983240223464	0.895	0.09582378443373486	0.1375223310191971	0.3799646872846333	400.0						
vlmbias	gaze_top20_alpha0p5	3	0.5	20	False	segments/vlm_bias_attention/runs/vlmbias_gaze_attention_sweep/vlmbias/qwen25vl_3b_vlmbias_gaze_attention_gaze_top20_alpha0p5_seed3.summary.json	0.12	0.265	0.30113636363636365	0.88	0.09544435113983937	0.13762184363413868	0.37882611908759545	400.0						
vlmbias	gaze_top20_alpha0p5	4	0.5	20	False	segments/vlm_bias_attention/runs/vlmbias_gaze_attention_sweep/vlmbias/qwen25vl_3b_vlmbias_gaze_attention_gaze_top20_alpha0p5_seed4.summary.json	0.1125	0.24	0.2704225352112676	0.8875	0.09538968277532112	0.13712813215907016	0.3786582647666502	400.0						
vlmbias	gaze_top20_alpha0p5	5	0.5	20	False	segments/vlm_bias_attention/runs/vlmbias_gaze_attention_sweep/vlmbias/qwen25vl_3b_vlmbias_gaze_attention_gaze_top20_alpha0p5_seed5.summary.json	0.135	0.23	0.2658959537572254	0.865	0.09528541811143276	0.1373291363660163	0.37958345971303137	400.0						
vlmbias	gaze_top20_alpha0p5	6	0.5	20	False	segments/vlm_bias_attention/runs/vlmbias_gaze_attention_sweep/vlmbias/qwen25vl_3b_vlmbias_gaze_attention_gaze_top20_alpha0p5_seed6.summary.json	0.12	0.2375	0.26988636363636365	0.88	0.09536916308748788	0.1369511142438808	0.3780524418919867	400.0						
vlmbias	gaze_top20_alpha0p5	7	0.5	20	False	segments/vlm_bias_attention/runs/vlmbias_gaze_attention_sweep/vlmbias/qwen25vl_3b_vlmbias_gaze_attention_gaze_top20_alpha0p5_seed7.summary.json	0.1375	0.2175	0.25217391304347825	0.8625	0.09535849693618159	0.13712478645473464	0.3782219587379596	400.0						
vlmbias	gaze_top20_alpha0p5	8	0.5	20	False	segments/vlm_bias_attention/runs/vlmbias_gaze_attention_sweep/vlmbias/qwen25vl_3b_vlmbias_gaze_attention_gaze_top20_alpha0p5_seed8.summary.json	0.15	0.22	0.25882352941176473	0.85	0.09566704758900262	0.13750538018377215	0.37875612641979955	400.0						
vlmbias	gaze_top20_alpha0p5	9	0.5	20	False	segments/vlm_bias_attention/runs/vlmbias_gaze_attention_sweep/vlmbias/qwen25vl_3b_vlmbias_gaze_attention_gaze_top20_alpha0p5_seed9.summary.json	0.12	0.2475	0.28125	0.88	0.0954308805977161	0.13754133318108125	0.37899637648765055	400.0						
vlmbias	gaze_top20_alpha10	0	10.0	20	False	segments/vlm_bias_attention/runs/vlmbias_gaze_attention_sweep/vlmbias/qwen25vl_3b_vlmbias_gaze_attention_gaze_top20_alpha10_seed0.summary.json	0.09	0.2175	0.23901098901098902	0.91	0.11245864662421326	0.21524478674955655	0.9997582243915608	400.0						
vlmbias	gaze_top20_alpha10	1	10.0	20	False	segments/vlm_bias_attention/runs/vlmbias_gaze_attention_sweep/vlmbias/qwen25vl_3b_vlmbias_gaze_attention_gaze_top20_alpha10_seed1.summary.json	0.1425	0.2125	0.2478134110787172	0.8575	0.11338087801930136	0.21583139020554898	0.9997364503994741	400.0						
vlmbias	gaze_top20_alpha10	2	10.0	20	False	segments/vlm_bias_attention/runs/vlmbias_gaze_attention_sweep/vlmbias/qwen25vl_3b_vlmbias_gaze_attention_gaze_top20_alpha10_seed2.summary.json	0.1175	0.22	0.24929178470254956	0.8825	0.1131978677532023	0.2157271914152483	0.9997478405774113	400.0						
vlmbias	gaze_top20_alpha10	3	10.0	20	False	segments/vlm_bias_attention/runs/vlmbias_gaze_attention_sweep/vlmbias/qwen25vl_3b_vlmbias_gaze_attention_gaze_top20_alpha10_seed3.summary.json	0.1225	0.2275	0.25925925925925924	0.8775	0.11301587182949568	0.21571583076411716	0.9997414195512337	400.0						
vlmbias	gaze_top20_alpha10	4	10.0	20	False	segments/vlm_bias_attention/runs/vlmbias_gaze_attention_sweep/vlmbias/qwen25vl_3b_vlmbias_gaze_attention_gaze_top20_alpha10_seed4.summary.json	0.115	0.195	0.22033898305084745	0.885	0.11262012930402962	0.21527741614471485	0.999755718705072	400.0						
vlmbias	gaze_top20_alpha10	5	10.0	20	False	segments/vlm_bias_attention/runs/vlmbias_gaze_attention_sweep/vlmbias/qwen25vl_3b_vlmbias_gaze_attention_gaze_top20_alpha10_seed5.summary.json	0.115	0.2075	0.2344632768361582	0.885	0.11285526206693566	0.21560322005020305	0.9997477984392336	400.0						
vlmbias	gaze_top20_alpha10	6	10.0	20	False	segments/vlm_bias_attention/runs/vlmbias_gaze_attention_sweep/vlmbias/qwen25vl_3b_vlmbias_gaze_attention_gaze_top20_alpha10_seed6.summary.json	0.12	0.22	0.25	0.88	0.11277085831496957	0.21542581987522813	0.9997415594681308	400.0						
vlmbias	gaze_top20_alpha10	7	10.0	20	False	segments/vlm_bias_attention/runs/vlmbias_gaze_attention_sweep/vlmbias/qwen25vl_3b_vlmbias_gaze_attention_gaze_top20_alpha10_seed7.summary.json	0.13	0.22	0.25287356321839083	0.87	0.1132262804785912	0.21571743425176063	0.9997476507053569	400.0						
vlmbias	gaze_top20_alpha10	8	10.0	20	False	segments/vlm_bias_attention/runs/vlmbias_gaze_attention_sweep/vlmbias/qwen25vl_3b_vlmbias_gaze_attention_gaze_top20_alpha10_seed8.summary.json	0.165	0.19	0.2275449101796407	0.835	0.11292795227769024	0.21539504118461894	0.9997606198547615	400.0						
vlmbias	gaze_top20_alpha10	9	10.0	20	False	segments/vlm_bias_attention/runs/vlmbias_gaze_attention_sweep/vlmbias/qwen25vl_3b_vlmbias_gaze_attention_gaze_top20_alpha10_seed9.summary.json	0.115	0.23	0.2598870056497175	0.885	0.11254011634377374	0.21551405728792417	0.9997558498730558	400.0						
vlmbias	gaze_top20_alpha1	0	1.0	20	False	segments/vlm_bias_attention/runs/vlmbias_gaze_attention_sweep/vlmbias/qwen25vl_3b_vlmbias_gaze_attention_gaze_top20_alpha1_seed0.summary.json	0.1125	0.2225	0.2507042253521127	0.8875	0.09761849956222621	0.14922178755389998	0.468308731318141	400.0						
vlmbias	gaze_top20_alpha1	1	1.0	20	False	segments/vlm_bias_attention/runs/vlmbias_gaze_attention_sweep/vlmbias/qwen25vl_3b_vlmbias_gaze_attention_gaze_top20_alpha1_seed1.summary.json	0.135	0.24	0.2774566473988439	0.865	0.09891307122828277	0.15009175697549504	0.4670103768519072	400.0						
vlmbias	gaze_top20_alpha1	2	1.0	20	False	segments/vlm_bias_attention/runs/vlmbias_gaze_attention_sweep/vlmbias/qwen25vl_3b_vlmbias_gaze_attention_gaze_top20_alpha1_seed2.summary.json	0.1125	0.225	0.2535211267605634	0.8875	0.09857095288742784	0.1497790189531465	0.4699426264150402	400.0						
vlmbias	gaze_top20_alpha1	3	1.0	20	False	segments/vlm_bias_attention/runs/vlmbias_gaze_attention_sweep/vlmbias/qwen25vl_3b_vlmbias_gaze_attention_gaze_top20_alpha1_seed3.summary.json	0.1225	0.265	0.301994301994302	0.8775	0.09818225275270327	0.14975863748902693	0.4686455759810509	400.0						
vlmbias	gaze_top20_alpha1	4	1.0	20	False	segments/vlm_bias_attention/runs/vlmbias_gaze_attention_sweep/vlmbias/qwen25vl_3b_vlmbias_gaze_attention_gaze_top20_alpha1_seed4.summary.json	0.1225	0.22	0.25071225071225073	0.8775	0.09822149993359343	0.14925743472968714	0.4675010471631871	400.0						
vlmbias	gaze_top20_alpha1	5	1.0	20	False	segments/vlm_bias_attention/runs/vlmbias_gaze_attention_sweep/vlmbias/qwen25vl_3b_vlmbias_gaze_attention_gaze_top20_alpha1_seed5.summary.json	0.14	0.2375	0.2761627906976744	0.86	0.0982169531882055	0.14949314999820415	0.46821008762881816	400.0						
vlmbias	gaze_top20_alpha1	6	1.0	20	False	segments/vlm_bias_attention/runs/vlmbias_gaze_attention_sweep/vlmbias/qwen25vl_3b_vlmbias_gaze_attention_gaze_top20_alpha1_seed6.summary.json	0.1225	0.245	0.2792022792022792	0.8775	0.09811209230574142	0.14916739281274818	0.46777188893215405	400.0						
vlmbias	gaze_top20_alpha1	7	1.0	20	False	segments/vlm_bias_attention/runs/vlmbias_gaze_attention_sweep/vlmbias/qwen25vl_3b_vlmbias_gaze_attention_gaze_top20_alpha1_seed7.summary.json	0.14	0.23	0.26744186046511625	0.86	0.09819436179530498	0.149416302933484	0.4668884822819108	400.0						
vlmbias	gaze_top20_alpha1	8	1.0	20	False	segments/vlm_bias_attention/runs/vlmbias_gaze_attention_sweep/vlmbias/qwen25vl_3b_vlmbias_gaze_attention_gaze_top20_alpha1_seed8.summary.json	0.15	0.23	0.27058823529411763	0.85	0.09841284198740015	0.1497143495687042	0.46836456739353105	400.0						
vlmbias	gaze_top20_alpha1	9	1.0	20	False	segments/vlm_bias_attention/runs/vlmbias_gaze_attention_sweep/vlmbias/qwen25vl_3b_vlmbias_gaze_attention_gaze_top20_alpha1_seed9.summary.json	0.12	0.2475	0.28125	0.88	0.0981703026530856	0.14982617613336954	0.46852293462254435	400.0						
vlmbias	gaze_top20_alpha2	0	2.0	20	False	segments/vlm_bias_attention/runs/vlmbias_gaze_attention_sweep/vlmbias/qwen25vl_3b_vlmbias_gaze_attention_gaze_top20_alpha2_seed0.summary.json	0.12	0.2275	0.2585227272727273	0.88	0.10332593759846263	0.17262954144332757	0.6437532889039553	400.0						
vlmbias	gaze_top20_alpha2	1	2.0	20	False	segments/vlm_bias_attention/runs/vlmbias_gaze_attention_sweep/vlmbias/qwen25vl_3b_vlmbias_gaze_attention_gaze_top20_alpha2_seed1.summary.json	0.1375	0.245	0.28405797101449276	0.8625	0.10422278691854263	0.17335062234332557	0.6431916081572093	400.0						
vlmbias	gaze_top20_alpha2	2	2.0	20	False	segments/vlm_bias_attention/runs/vlmbias_gaze_attention_sweep/vlmbias/qwen25vl_3b_vlmbias_gaze_attention_gaze_top20_alpha2_seed2.summary.json	0.12	0.2475	0.28125	0.88	0.10408519769736065	0.17318411348900223	0.6447950097592315	400.0						
vlmbias	gaze_top20_alpha2	3	2.0	20	False	segments/vlm_bias_attention/runs/vlmbias_gaze_attention_sweep/vlmbias/qwen25vl_3b_vlmbias_gaze_attention_gaze_top20_alpha2_seed3.summary.json	0.1225	0.2675	0.30484330484330485	0.8775	0.10383668393435613	0.1733791060452154	0.6448720925004178	400.0						
vlmbias	gaze_top20_alpha2	4	2.0	20	False	segments/vlm_bias_attention/runs/vlmbias_gaze_attention_sweep/vlmbias/qwen25vl_3b_vlmbias_gaze_attention_gaze_top20_alpha2_seed4.summary.json	0.1175	0.2175	0.24645892351274787	0.8825	0.10343036129962023	0.17259093126105532	0.6441767025783147	400.0						
vlmbias	gaze_top20_alpha2	5	2.0	20	False	segments/vlm_bias_attention/runs/vlmbias_gaze_attention_sweep/vlmbias/qwen25vl_3b_vlmbias_gaze_attention_gaze_top20_alpha2_seed5.summary.json	0.135	0.2375	0.2745664739884393	0.865	0.10364911390946763	0.17290903679017586	0.6444371704839057	400.0						
vlmbias	gaze_top20_alpha2	6	2.0	20	False	segments/vlm_bias_attention/runs/vlmbias_gaze_attention_sweep/vlmbias/qwen25vl_3b_vlmbias_gaze_attention_gaze_top20_alpha2_seed6.summary.json	0.1225	0.24	0.27350427350427353	0.8775	0.10360748578512721	0.17263699936120053	0.6429442747989494	400.0						
vlmbias	gaze_top20_alpha2	7	2.0	20	False	segments/vlm_bias_attention/runs/vlmbias_gaze_attention_sweep/vlmbias/qwen25vl_3b_vlmbias_gaze_attention_gaze_top20_alpha2_seed7.summary.json	0.15	0.2275	0.2676470588235294	0.85	0.10388749278549174	0.17308868762997176	0.6434384895325891	400.0						
vlmbias	gaze_top20_alpha2	8	2.0	20	False	segments/vlm_bias_attention/runs/vlmbias_gaze_attention_sweep/vlmbias/qwen25vl_3b_vlmbias_gaze_attention_gaze_top20_alpha2_seed8.summary.json	0.1525	0.225	0.26548672566371684	0.8475	0.10388250389482497	0.17300944589410736	0.6437711082572531	400.0						
vlmbias	gaze_top20_alpha2	9	2.0	20	False	segments/vlm_bias_attention/runs/vlmbias_gaze_attention_sweep/vlmbias/qwen25vl_3b_vlmbias_gaze_attention_gaze_top20_alpha2_seed9.summary.json	0.1325	0.2375	0.2737752161383285	0.8675	0.10351538204585621	0.17294883757389332	0.6437590631621559	400.0						
vlmbias	gaze_top20_alpha5	0	5.0	20	False	segments/vlm_bias_attention/runs/vlmbias_gaze_attention_sweep/vlmbias/qwen25vl_3b_vlmbias_gaze_attention_gaze_top20_alpha5_seed0.summary.json	0.1075	0.2075	0.23249299719887956	0.8925	0.11129854554379506	0.20984041750148422	0.9499929356993401	400.0						
vlmbias	gaze_top20_alpha5	1	5.0	20	False	segments/vlm_bias_attention/runs/vlmbias_gaze_attention_sweep/vlmbias/qwen25vl_3b_vlmbias_gaze_attention_gaze_top20_alpha5_seed1.summary.json	0.1375	0.2225	0.2579710144927536	0.8625	0.11221560974433506	0.21044374777320077	0.9499148878769447	400.0						
vlmbias	gaze_top20_alpha5	2	5.0	20	False	segments/vlm_bias_attention/runs/vlmbias_gaze_attention_sweep/vlmbias/qwen25vl_3b_vlmbias_gaze_attention_gaze_top20_alpha5_seed2.summary.json	0.1225	0.22	0.25071225071225073	0.8775	0.1121049435673332	0.21033773301062408	0.950025917675484	400.0						
vlmbias	gaze_top20_alpha5	3	5.0	20	False	segments/vlm_bias_attention/runs/vlmbias_gaze_attention_sweep/vlmbias/qwen25vl_3b_vlmbias_gaze_attention_gaze_top20_alpha5_seed3.summary.json	0.1125	0.2425	0.27323943661971833	0.8875	0.11207015679412889	0.21057867129237354	0.9502415122068462	400.0						
vlmbias	gaze_top20_alpha5	4	5.0	20	False	segments/vlm_bias_attention/runs/vlmbias_gaze_attention_sweep/vlmbias/qwen25vl_3b_vlmbias_gaze_attention_gaze_top20_alpha5_seed4.summary.json	0.115	0.2025	0.2288135593220339	0.885	0.11148101700928452	0.20999211804823403	0.9506315331715283	400.0						
vlmbias	gaze_top20_alpha5	5	5.0	20	False	segments/vlm_bias_attention/runs/vlmbias_gaze_attention_sweep/vlmbias/qwen25vl_3b_vlmbias_gaze_attention_gaze_top20_alpha5_seed5.summary.json	0.1125	0.2225	0.2507042253521127	0.8875	0.11206928558078061	0.21038194265326599	0.9500129284953084	400.0						
vlmbias	gaze_top20_alpha5	6	5.0	20	False	segments/vlm_bias_attention/runs/vlmbias_gaze_attention_sweep/vlmbias/qwen25vl_3b_vlmbias_gaze_attention_gaze_top20_alpha5_seed6.summary.json	0.1175	0.2325	0.26345609065155806	0.8825	0.11182801512727673	0.21011785527356672	0.9498302342135196	400.0						
vlmbias	gaze_top20_alpha5	7	5.0	20	False	segments/vlm_bias_attention/runs/vlmbias_gaze_attention_sweep/vlmbias/qwen25vl_3b_vlmbias_gaze_attention_gaze_top20_alpha5_seed7.summary.json	0.1325	0.2125	0.24495677233429394	0.8675	0.11180906516782965	0.21014476896587608	0.950047104687816	400.0						
vlmbias	gaze_top20_alpha5	8	5.0	20	False	segments/vlm_bias_attention/runs/vlmbias_gaze_attention_sweep/vlmbias/qwen25vl_3b_vlmbias_gaze_attention_gaze_top20_alpha5_seed8.summary.json	0.1425	0.2025	0.23615160349854228	0.8575	0.11182982807345314	0.21010818186082644	0.9506464785658626	400.0						
vlmbias	gaze_top20_alpha5	9	5.0	20	False	segments/vlm_bias_attention/runs/vlmbias_gaze_attention_sweep/vlmbias/qwen25vl_3b_vlmbias_gaze_attention_gaze_top20_alpha5_seed9.summary.json	0.12	0.245	0.2784090909090909	0.88	0.11159881937498532	0.2101607404957284	0.9499740968779932	400.0						
vlmbias	gaze_top5_alpha0p25	0	0.25	5	False	segments/vlm_bias_attention/runs/vlmbias_gaze_attention_sweep/vlmbias/qwen25vl_3b_vlmbias_gaze_attention_gaze_top5_alpha0p25_seed0.summary.json	0.115	0.2175	0.2457627118644068	0.885	0.09268314637041591	0.1317230358367101	0.35201485695611867	400.0						
vlmbias	gaze_top5_alpha0p25	1	0.25	5	False	segments/vlm_bias_attention/runs/vlmbias_gaze_attention_sweep/vlmbias/qwen25vl_3b_vlmbias_gaze_attention_gaze_top5_alpha0p25_seed1.summary.json	0.1275	0.2275	0.2607449856733524	0.8725	0.0940956668696906	0.1324303974139238	0.35179661201749535	400.0						
vlmbias	gaze_top5_alpha0p25	2	0.25	5	False	segments/vlm_bias_attention/runs/vlmbias_gaze_attention_sweep/vlmbias/qwen25vl_3b_vlmbias_gaze_attention_gaze_top5_alpha0p25_seed2.summary.json	0.105	0.2325	0.25977653631284914	0.895	0.09359596963338347	0.1321072641877243	0.3541423988913733	400.0						
vlmbias	gaze_top5_alpha0p25	3	0.25	5	False	segments/vlm_bias_attention/runs/vlmbias_gaze_attention_sweep/vlmbias/qwen25vl_3b_vlmbias_gaze_attention_gaze_top5_alpha0p25_seed3.summary.json	0.1175	0.265	0.3002832861189802	0.8825	0.0933429726932162	0.13245440077391518	0.3533830898390876	400.0						
vlmbias	gaze_top5_alpha0p25	4	0.25	5	False	segments/vlm_bias_attention/runs/vlmbias_gaze_attention_sweep/vlmbias/qwen25vl_3b_vlmbias_gaze_attention_gaze_top5_alpha0p25_seed4.summary.json	0.11	0.225	0.25280898876404495	0.89	0.09311747822429912	0.13180139862086102	0.3524358551404415	400.0						
vlmbias	gaze_top5_alpha0p25	5	0.25	5	False	segments/vlm_bias_attention/runs/vlmbias_gaze_attention_sweep/vlmbias/qwen25vl_3b_vlmbias_gaze_attention_gaze_top5_alpha0p25_seed5.summary.json	0.1375	0.225	0.2608695652173913	0.8625	0.09305020300990345	0.13171179903172944	0.35245731287002563	400.0						
vlmbias	gaze_top5_alpha0p25	6	0.25	5	False	segments/vlm_bias_attention/runs/vlmbias_gaze_attention_sweep/vlmbias/qwen25vl_3b_vlmbias_gaze_attention_gaze_top5_alpha0p25_seed6.summary.json	0.12	0.2475	0.28125	0.88	0.09314478949680036	0.1313692655010923	0.35190071911419624	400.0						
vlmbias	gaze_top5_alpha0p25	7	0.25	5	False	segments/vlm_bias_attention/runs/vlmbias_gaze_attention_sweep/vlmbias/qwen25vl_3b_vlmbias_gaze_attention_gaze_top5_alpha0p25_seed7.summary.json	0.14	0.2125	0.24709302325581395	0.86	0.09316902437995701	0.13164034535482494	0.3510938138984697	400.0						
vlmbias	gaze_top5_alpha0p25	8	0.25	5	False	segments/vlm_bias_attention/runs/vlmbias_gaze_attention_sweep/vlmbias/qwen25vl_3b_vlmbias_gaze_attention_gaze_top5_alpha0p25_seed8.summary.json	0.145	0.2175	0.2543859649122807	0.855	0.09338880193462089	0.13200178936613624	0.3520365486311534	400.0						
vlmbias	gaze_top5_alpha0p25	9	0.25	5	False	segments/vlm_bias_attention/runs/vlmbias_gaze_attention_sweep/vlmbias/qwen25vl_3b_vlmbias_gaze_attention_gaze_top5_alpha0p25_seed9.summary.json	0.115	0.245	0.2768361581920904	0.885	0.09305938161772617	0.1320206535899446	0.3527156378540255	400.0						
vlmbias	gaze_top5_alpha0p5	0	0.5	5	False	segments/vlm_bias_attention/runs/vlmbias_gaze_attention_sweep/vlmbias/qwen25vl_3b_vlmbias_gaze_attention_gaze_top5_alpha0p5_seed0.summary.json	0.115	0.225	0.2542372881355932	0.885	0.0932864778806977	0.1342306981773099	0.3924033652547806	400.0						
vlmbias	gaze_top5_alpha0p5	1	0.5	5	False	segments/vlm_bias_attention/runs/vlmbias_gaze_attention_sweep/vlmbias/qwen25vl_3b_vlmbias_gaze_attention_gaze_top5_alpha0p5_seed1.summary.json	0.13	0.23	0.26436781609195403	0.87	0.09449230782162144	0.13490717783644954	0.3924414032717288	400.0						
vlmbias	gaze_top5_alpha0p5	2	0.5	5	False	segments/vlm_bias_attention/runs/vlmbias_gaze_attention_sweep/vlmbias/qwen25vl_3b_vlmbias_gaze_attention_gaze_top5_alpha0p5_seed2.summary.json	0.1075	0.2225	0.24929971988795518	0.8925	0.09377700323709634	0.13442388278543985	0.3942494273624723	400.0						
vlmbias	gaze_top5_alpha0p5	3	0.5	5	False	segments/vlm_bias_attention/runs/vlmbias_gaze_attention_sweep/vlmbias/qwen25vl_3b_vlmbias_gaze_attention_gaze_top5_alpha0p5_seed3.summary.json	0.1225	0.2725	0.31054131054131057	0.8775	0.09374653480399762	0.13494913460808133	0.39327934650239493	400.0						
vlmbias	gaze_top5_alpha0p5	4	0.5	5	False	segments/vlm_bias_attention/runs/vlmbias_gaze_attention_sweep/vlmbias/qwen25vl_3b_vlmbias_gaze_attention_gaze_top5_alpha0p5_seed4.summary.json	0.1175	0.2225	0.2521246458923513	0.8825	0.0935121367576406	0.1342332760275305	0.3932772444284879	400.0						
vlmbias	gaze_top5_alpha0p5	5	0.5	5	False	segments/vlm_bias_attention/runs/vlmbias_gaze_attention_sweep/vlmbias/qwen25vl_3b_vlmbias_gaze_attention_gaze_top5_alpha0p5_seed5.summary.json	0.13	0.235	0.27011494252873564	0.87	0.09355327970063605	0.13438723554730042	0.3931827773866199	400.0						
vlmbias	gaze_top5_alpha0p5	6	0.5	5	False	segments/vlm_bias_attention/runs/vlmbias_gaze_attention_sweep/vlmbias/qwen25vl_3b_vlmbias_gaze_attention_gaze_top5_alpha0p5_seed6.summary.json	0.1175	0.245	0.2776203966005666	0.8825	0.09360769700691483	0.13408170445486872	0.39227879684745487	400.0						
vlmbias	gaze_top5_alpha0p5	7	0.5	5	False	segments/vlm_bias_attention/runs/vlmbias_gaze_attention_sweep/vlmbias/qwen25vl_3b_vlmbias_gaze_attention_gaze_top5_alpha0p5_seed7.summary.json	0.1325	0.2175	0.2507204610951009	0.8675	0.0935258555704566	0.13410918640136077	0.39239628321541337	400.0						
vlmbias	gaze_top5_alpha0p5	8	0.5	5	False	segments/vlm_bias_attention/runs/vlmbias_gaze_attention_sweep/vlmbias/qwen25vl_3b_vlmbias_gaze_attention_gaze_top5_alpha0p5_seed8.summary.json	0.1475	0.2225	0.26099706744868034	0.8525	0.09392020180253521	0.1344927053129949	0.3928337775729951	400.0						
vlmbias	gaze_top5_alpha0p5	9	0.5	5	False	segments/vlm_bias_attention/runs/vlmbias_gaze_attention_sweep/vlmbias/qwen25vl_3b_vlmbias_gaze_attention_gaze_top5_alpha0p5_seed9.summary.json	0.1225	0.245	0.2792022792022792	0.8775	0.09348442931694864	0.13444955750522944	0.39335601753491856	400.0						
vlmbias	gaze_top5_alpha10	0	10.0	5	False	segments/vlm_bias_attention/runs/vlmbias_gaze_attention_sweep/vlmbias/qwen25vl_3b_vlmbias_gaze_attention_gaze_top5_alpha10_seed0.summary.json	0.125	0.23	0.26285714285714284	0.875	0.0973916202258385	0.1703331521684644	0.9997029296875	400.0						
vlmbias	gaze_top5_alpha10	1	10.0	5	False	segments/vlm_bias_attention/runs/vlmbias_gaze_attention_sweep/vlmbias/qwen25vl_3b_vlmbias_gaze_attention_gaze_top5_alpha10_seed1.summary.json	0.1375	0.2275	0.263768115942029	0.8625	0.09880004934805893	0.17118411594515645	0.9996707833426339	400.0						
vlmbias	gaze_top5_alpha10	2	10.0	5	False	segments/vlm_bias_attention/runs/vlmbias_gaze_attention_sweep/vlmbias/qwen25vl_3b_vlmbias_gaze_attention_gaze_top5_alpha10_seed2.summary.json	0.105	0.2275	0.2541899441340782	0.895	0.09815507833213755	0.17049151606412294	0.9996654087611607	400.0						
vlmbias	gaze_top5_alpha10	3	10.0	5	False	segments/vlm_bias_attention/runs/vlmbias_gaze_attention_sweep/vlmbias/qwen25vl_3b_vlmbias_gaze_attention_gaze_top5_alpha10_seed3.summary.json	0.1275	0.2725	0.3123209169054441	0.8725	0.09807562581745892	0.17117072867458197	0.9996371244884672	400.0						
vlmbias	gaze_top5_alpha10	4	10.0	5	False	segments/vlm_bias_attention/runs/vlmbias_gaze_attention_sweep/vlmbias/qwen25vl_3b_vlmbias_gaze_attention_gaze_top5_alpha10_seed4.summary.json	0.115	0.235	0.2655367231638418	0.885	0.0978112988067761	0.1703841764388266	0.9996637912326389	400.0						
vlmbias	gaze_top5_alpha10	5	10.0	5	False	segments/vlm_bias_attention/runs/vlmbias_gaze_attention_sweep/vlmbias/qwen25vl_3b_vlmbias_gaze_attention_gaze_top5_alpha10_seed5.summary.json	0.125	0.24	0.2742857142857143	0.875	0.09784369005839726	0.17052795408368113	0.9997006882440477	400.0						
vlmbias	gaze_top5_alpha10	6	10.0	5	False	segments/vlm_bias_attention/runs/vlmbias_gaze_attention_sweep/vlmbias/qwen25vl_3b_vlmbias_gaze_attention_gaze_top5_alpha10_seed6.summary.json	0.1175	0.255	0.28895184135977336	0.8825	0.09812727934853761	0.17065281413890687	0.9997047433035715	400.0						
vlmbias	gaze_top5_alpha10	7	10.0	5	False	segments/vlm_bias_attention/runs/vlmbias_gaze_attention_sweep/vlmbias/qwen25vl_3b_vlmbias_gaze_attention_gaze_top5_alpha10_seed7.summary.json	0.135	0.23	0.2658959537572254	0.865	0.09788408835895437	0.17055831536908325	0.9996235630580357	400.0						
vlmbias	gaze_top5_alpha10	8	10.0	5	False	segments/vlm_bias_attention/runs/vlmbias_gaze_attention_sweep/vlmbias/qwen25vl_3b_vlmbias_gaze_attention_gaze_top5_alpha10_seed8.summary.json	0.1425	0.23	0.26822157434402333	0.8575	0.09790597160968453	0.17050951746791557	0.999695042782738	400.0						
vlmbias	gaze_top5_alpha10	9	10.0	5	False	segments/vlm_bias_attention/runs/vlmbias_gaze_attention_sweep/vlmbias/qwen25vl_3b_vlmbias_gaze_attention_gaze_top5_alpha10_seed9.summary.json	0.1125	0.2425	0.27323943661971833	0.8875	0.09790415858783487	0.17070057574837869	0.999703624906994	400.0						
vlmbias	gaze_top5_alpha1	0	1.0	5	False	segments/vlm_bias_attention/runs/vlmbias_gaze_attention_sweep/vlmbias/qwen25vl_3b_vlmbias_gaze_attention_gaze_top5_alpha1_seed0.summary.json	0.1125	0.2275	0.2563380281690141	0.8875	0.09354949049572829	0.13908720981426267	0.4794678605550084	400.0						
vlmbias	gaze_top5_alpha1	1	1.0	5	False	segments/vlm_bias_attention/runs/vlmbias_gaze_attention_sweep/vlmbias/qwen25vl_3b_vlmbias_gaze_attention_gaze_top5_alpha1_seed1.summary.json	0.1375	0.23	0.26666666666666666	0.8625	0.09492098053464576	0.1397469934427677	0.4773800659770058	400.0						
vlmbias	gaze_top5_alpha1	2	1.0	5	False	segments/vlm_bias_attention/runs/vlmbias_gaze_attention_sweep/vlmbias/qwen25vl_3b_vlmbias_gaze_attention_gaze_top5_alpha1_seed2.summary.json	0.1075	0.225	0.25210084033613445	0.8925	0.09432204131098318	0.13944033002539552	0.48024412894248963	400.0						
vlmbias	gaze_top5_alpha1	3	1.0	5	False	segments/vlm_bias_attention/runs/vlmbias_gaze_attention_sweep/vlmbias/qwen25vl_3b_vlmbias_gaze_attention_gaze_top5_alpha1_seed3.summary.json	0.12	0.2725	0.3096590909090909	0.88	0.09429258784381146	0.14018545688385634	0.48017804400239666	400.0						
vlmbias	gaze_top5_alpha1	4	1.0	5	False	segments/vlm_bias_attention/runs/vlmbias_gaze_attention_sweep/vlmbias/qwen25vl_3b_vlmbias_gaze_attention_gaze_top5_alpha1_seed4.summary.json	0.11	0.22	0.24719101123595505	0.89	0.09403877827194504	0.13923187607571352	0.4800805771609948	400.0						
vlmbias	gaze_top5_alpha1	5	1.0	5	False	segments/vlm_bias_attention/runs/vlmbias_gaze_attention_sweep/vlmbias/qwen25vl_3b_vlmbias_gaze_attention_gaze_top5_alpha1_seed5.summary.json	0.125	0.24	0.2742857142857143	0.875	0.09393709022189546	0.13909742909396167	0.47855784784608757	400.0						
vlmbias	gaze_top5_alpha1	6	1.0	5	False	segments/vlm_bias_attention/runs/vlmbias_gaze_attention_sweep/vlmbias/qwen25vl_3b_vlmbias_gaze_attention_gaze_top5_alpha1_seed6.summary.json	0.125	0.2425	0.27714285714285714	0.875	0.0940305952582737	0.13906568125678465	0.47885053527427446	400.0						
vlmbias	gaze_top5_alpha1	7	1.0	5	False	segments/vlm_bias_attention/runs/vlmbias_gaze_attention_sweep/vlmbias/qwen25vl_3b_vlmbias_gaze_attention_gaze_top5_alpha1_seed7.summary.json	0.135	0.2275	0.2630057803468208	0.865	0.09399492849352878	0.13904610174317894	0.4783359014875445	400.0						
vlmbias	gaze_top5_alpha1	8	1.0	5	False	segments/vlm_bias_attention/runs/vlmbias_gaze_attention_sweep/vlmbias/qwen25vl_3b_vlmbias_gaze_attention_gaze_top5_alpha1_seed8.summary.json	0.1475	0.2225	0.26099706744868034	0.8525	0.09420884861949581	0.13935827957315994	0.4791813586386423	400.0						
vlmbias	gaze_top5_alpha1	9	1.0	5	False	segments/vlm_bias_attention/runs/vlmbias_gaze_attention_sweep/vlmbias/qwen25vl_3b_vlmbias_gaze_attention_gaze_top5_alpha1_seed9.summary.json	0.12	0.2425	0.2755681818181818	0.88	0.09397902002508006	0.13939489165691266	0.4800289469577017	400.0						
vlmbias	gaze_top5_alpha2	0	2.0	5	False	segments/vlm_bias_attention/runs/vlmbias_gaze_attention_sweep/vlmbias/qwen25vl_3b_vlmbias_gaze_attention_gaze_top5_alpha2_seed0.summary.json	0.11	0.2325	0.2612359550561798	0.89	0.0949839873911912	0.14943458277982363	0.6479644780295236	400.0						
vlmbias	gaze_top5_alpha2	1	2.0	5	False	segments/vlm_bias_attention/runs/vlmbias_gaze_attention_sweep/vlmbias/qwen25vl_3b_vlmbias_gaze_attention_gaze_top5_alpha2_seed1.summary.json	0.145	0.24	0.2807017543859649	0.855	0.09625110154913485	0.15008933366465352	0.646218088034978	400.0						
vlmbias	gaze_top5_alpha2	2	2.0	5	False	segments/vlm_bias_attention/runs/vlmbias_gaze_attention_sweep/vlmbias/qwen25vl_3b_vlmbias_gaze_attention_gaze_top5_alpha2_seed2.summary.json	0.1	0.2375	0.2638888888888889	0.9	0.09563402126397247	0.14947416228344257	0.6482747247272067	400.0						
vlmbias	gaze_top5_alpha2	3	2.0	5	False	segments/vlm_bias_attention/runs/vlmbias_gaze_attention_sweep/vlmbias/qwen25vl_3b_vlmbias_gaze_attention_gaze_top5_alpha2_seed3.summary.json	0.1225	0.275	0.31339031339031337	0.8775	0.0954977957479129	0.15012944795499022	0.6479444292219858	400.0						
vlmbias	gaze_top5_alpha2	4	2.0	5	False	segments/vlm_bias_attention/runs/vlmbias_gaze_attention_sweep/vlmbias/qwen25vl_3b_vlmbias_gaze_attention_gaze_top5_alpha2_seed4.summary.json	0.11	0.2325	0.2612359550561798	0.89	0.09542007772947432	0.14939890189353444	0.6481085932534839	400.0						
vlmbias	gaze_top5_alpha2	5	2.0	5	False	segments/vlm_bias_attention/runs/vlmbias_gaze_attention_sweep/vlmbias/qwen25vl_3b_vlmbias_gaze_attention_gaze_top5_alpha2_seed5.summary.json	0.1225	0.2425	0.27635327635327633	0.8775	0.09525883874096365	0.14923693770276492	0.6467358323657324	400.0						
vlmbias	gaze_top5_alpha2	6	2.0	5	False	segments/vlm_bias_attention/runs/vlmbias_gaze_attention_sweep/vlmbias/qwen25vl_3b_vlmbias_gaze_attention_gaze_top5_alpha2_seed6.summary.json	0.12	0.2475	0.28125	0.88	0.09557204804546954	0.14939884823350308	0.6468322014036633	400.0						
vlmbias	gaze_top5_alpha2	7	2.0	5	False	segments/vlm_bias_attention/runs/vlmbias_gaze_attention_sweep/vlmbias/qwen25vl_3b_vlmbias_gaze_attention_gaze_top5_alpha2_seed7.summary.json	0.1325	0.2325	0.2680115273775216	0.8675	0.0953647784230749	0.14946116663083334	0.6472425427482241	400.0						
vlmbias	gaze_top5_alpha2	8	2.0	5	False	segments/vlm_bias_attention/runs/vlmbias_gaze_attention_sweep/vlmbias/qwen25vl_3b_vlmbias_gaze_attention_gaze_top5_alpha2_seed8.summary.json	0.15	0.225	0.2647058823529412	0.85	0.09556312530393875	0.14969108076502768	0.6480484698988433	400.0						
vlmbias	gaze_top5_alpha2	9	2.0	5	False	segments/vlm_bias_attention/runs/vlmbias_gaze_attention_sweep/vlmbias/qwen25vl_3b_vlmbias_gaze_attention_gaze_top5_alpha2_seed9.summary.json	0.1225	0.245	0.2792022792022792	0.8775	0.09529209950193078	0.14979343055733618	0.649087758581979	400.0						
vlmbias	gaze_top5_alpha5	0	5.0	5	False	segments/vlm_bias_attention/runs/vlmbias_gaze_attention_sweep/vlmbias/qwen25vl_3b_vlmbias_gaze_attention_gaze_top5_alpha5_seed0.summary.json	0.12	0.2275	0.2585227272727273	0.88	0.09689973809462629	0.1669046208220889	0.9472654078892299	400.0						
vlmbias	gaze_top5_alpha5	1	5.0	5	False	segments/vlm_bias_attention/runs/vlmbias_gaze_attention_sweep/vlmbias/qwen25vl_3b_vlmbias_gaze_attention_gaze_top5_alpha5_seed1.summary.json	0.1375	0.2425	0.2811594202898551	0.8625	0.09845921550752948	0.16788226922632313	0.9470614846365792	400.0						
vlmbias	gaze_top5_alpha5	2	5.0	5	False	segments/vlm_bias_attention/runs/vlmbias_gaze_attention_sweep/vlmbias/qwen25vl_3b_vlmbias_gaze_attention_gaze_top5_alpha5_seed2.summary.json	0.1075	0.245	0.27450980392156865	0.8925	0.09779090876853357	0.1672135019253428	0.947062760126023	400.0						
vlmbias	gaze_top5_alpha5	3	5.0	5	False	segments/vlm_bias_attention/runs/vlmbias_gaze_attention_sweep/vlmbias/qwen25vl_3b_vlmbias_gaze_attention_gaze_top5_alpha5_seed3.summary.json	0.12	0.2675	0.3039772727272727	0.88	0.09743360294556787	0.16764669784711386	0.9475539665101067	400.0						
vlmbias	gaze_top5_alpha5	4	5.0	5	False	segments/vlm_bias_attention/runs/vlmbias_gaze_attention_sweep/vlmbias/qwen25vl_3b_vlmbias_gaze_attention_gaze_top5_alpha5_seed4.summary.json	0.12	0.235	0.26704545454545453	0.88	0.09747490719286547	0.16720405541756897	0.9472961284111124	400.0						
vlmbias	gaze_top5_alpha5	5	5.0	5	False	segments/vlm_bias_attention/runs/vlmbias_gaze_attention_sweep/vlmbias/qwen25vl_3b_vlmbias_gaze_attention_gaze_top5_alpha5_seed5.summary.json	0.125	0.245	0.28	0.875	0.0973073482907832	0.16690301303862415	0.9469731529599145	400.0						
vlmbias	gaze_top5_alpha5	6	5.0	5	False	segments/vlm_bias_attention/runs/vlmbias_gaze_attention_sweep/vlmbias/qwen25vl_3b_vlmbias_gaze_attention_gaze_top5_alpha5_seed6.summary.json	0.115	0.26	0.2937853107344633	0.885	0.09756538761363802	0.16726368440748637	0.9472649271647136	400.0						
vlmbias	gaze_top5_alpha5	7	5.0	5	False	segments/vlm_bias_attention/runs/vlmbias_gaze_attention_sweep/vlmbias/qwen25vl_3b_vlmbias_gaze_attention_gaze_top5_alpha5_seed7.summary.json	0.1325	0.225	0.25936599423631124	0.8675	0.0972544795544394	0.16696411666206512	0.9467945468720935	400.0						
vlmbias	gaze_top5_alpha5	8	5.0	5	False	segments/vlm_bias_attention/runs/vlmbias_gaze_attention_sweep/vlmbias/qwen25vl_3b_vlmbias_gaze_attention_gaze_top5_alpha5_seed8.summary.json	0.155	0.23	0.27218934911242604	0.845	0.09751694158525721	0.16723893589909772	0.9468997281997923	400.0						
vlmbias	gaze_top5_alpha5	9	5.0	5	False	segments/vlm_bias_attention/runs/vlmbias_gaze_attention_sweep/vlmbias/qwen25vl_3b_vlmbias_gaze_attention_gaze_top5_alpha5_seed9.summary.json	0.1125	0.245	0.27605633802816903	0.8875	0.09706988721907646	0.16693024877725346	0.9472518987746466	400.0						
naturalbench	baseline	0	0.0	0	True	segments/vlm_bias_attention/runs/vlmbias_gaze_attention_sweep/naturalbench/qwen25vl_3b_naturalbench_gaze_attention_baseline_seed0.summary.json					0.07008334597581158				0.5475	0.28	0.115	0.01	400.0	100.0
naturalbench	baseline	1	0.0	0	True	segments/vlm_bias_attention/runs/vlmbias_gaze_attention_sweep/naturalbench/qwen25vl_3b_naturalbench_gaze_attention_baseline_seed1.summary.json					0.07003292197418039				0.5325	0.155	0.12	0.0	400.0	100.0
naturalbench	baseline	2	0.0	0	True	segments/vlm_bias_attention/runs/vlmbias_gaze_attention_sweep/naturalbench/qwen25vl_3b_naturalbench_gaze_attention_baseline_seed2.summary.json					0.0700359142316464				0.6575	0.385	0.385	0.09	400.0	100.0
naturalbench	baseline	3	0.0	0	True	segments/vlm_bias_attention/runs/vlmbias_gaze_attention_sweep/naturalbench/qwen25vl_3b_naturalbench_gaze_attention_baseline_seed3.summary.json					0.06993760602351405				0.455	0.12	0.195	0.0	400.0	100.0
naturalbench	baseline	4	0.0	0	True	segments/vlm_bias_attention/runs/vlmbias_gaze_attention_sweep/naturalbench/qwen25vl_3b_naturalbench_gaze_attention_baseline_seed4.summary.json					0.07010914039248932				0.555	0.205	0.26	0.0	400.0	100.0
naturalbench	baseline	5	0.0	0	True	segments/vlm_bias_attention/runs/vlmbias_gaze_attention_sweep/naturalbench/qwen25vl_3b_naturalbench_gaze_attention_baseline_seed5.summary.json					0.07010226840181309				0.5275	0.2	0.29	0.01	400.0	100.0
naturalbench	baseline	6	0.0	0	True	segments/vlm_bias_attention/runs/vlmbias_gaze_attention_sweep/naturalbench/qwen25vl_3b_naturalbench_gaze_attention_baseline_seed6.summary.json					0.06998927412669445				0.505	0.22	0.235	0.09	400.0	100.0
naturalbench	baseline	7	0.0	0	True	segments/vlm_bias_attention/runs/vlmbias_gaze_attention_sweep/naturalbench/qwen25vl_3b_naturalbench_gaze_attention_baseline_seed7.summary.json					0.0696284316522759				0.56	0.315	0.28	0.02	400.0	100.0
naturalbench	baseline	8	0.0	0	True	segments/vlm_bias_attention/runs/vlmbias_gaze_attention_sweep/naturalbench/qwen25vl_3b_naturalbench_gaze_attention_baseline_seed8.summary.json					0.06988705679330433				0.39	0.12	0.07	0.01	400.0	100.0
naturalbench	baseline	9	0.0	0	True	segments/vlm_bias_attention/runs/vlmbias_gaze_attention_sweep/naturalbench/qwen25vl_3b_naturalbench_gaze_attention_baseline_seed9.summary.json					0.0702070796937767				0.5775	0.33	0.2	0.02	400.0	100.0
naturalbench	gaze_top10_alpha0p25	0	0.25	10	False	segments/vlm_bias_attention/runs/vlmbias_gaze_attention_sweep/naturalbench/qwen25vl_3b_naturalbench_gaze_attention_gaze_top10_alpha0p25_seed0.summary.json					0.07086571873880029	0.12013759927576154	0.3437471970154546		0.55	0.28	0.125	0.01	400.0	100.0
naturalbench	gaze_top10_alpha0p25	1	0.25	10	False	segments/vlm_bias_attention/runs/vlmbias_gaze_attention_sweep/naturalbench/qwen25vl_3b_naturalbench_gaze_attention_gaze_top10_alpha0p25_seed1.summary.json					0.07077262429898062	0.12054632063920342	0.3483999197248078		0.5225	0.14	0.115	0.0	400.0	100.0
naturalbench	gaze_top10_alpha0p25	2	0.25	10	False	segments/vlm_bias_attention/runs/vlmbias_gaze_attention_sweep/naturalbench/qwen25vl_3b_naturalbench_gaze_attention_gaze_top10_alpha0p25_seed2.summary.json					0.07064219567240876	0.11987330595747427	0.34318394011497927		0.655	0.385	0.37	0.09	400.0	100.0
naturalbench	gaze_top10_alpha0p25	3	0.25	10	False	segments/vlm_bias_attention/runs/vlmbias_gaze_attention_sweep/naturalbench/qwen25vl_3b_naturalbench_gaze_attention_gaze_top10_alpha0p25_seed3.summary.json					0.07064596326110337	0.11988854742842349	0.3433028862910079		0.4475	0.105	0.195	0.0	400.0	100.0
naturalbench	gaze_top10_alpha0p25	4	0.25	10	False	segments/vlm_bias_attention/runs/vlmbias_gaze_attention_sweep/naturalbench/qwen25vl_3b_naturalbench_gaze_attention_gaze_top10_alpha0p25_seed4.summary.json					0.07090565348255363	0.12044722663913392	0.344825387173044		0.565	0.23	0.27	0.01	400.0	100.0
naturalbench	gaze_top10_alpha0p25	5	0.25	10	False	segments/vlm_bias_attention/runs/vlmbias_gaze_attention_sweep/naturalbench/qwen25vl_3b_naturalbench_gaze_attention_gaze_top10_alpha0p25_seed5.summary.json					0.0707286961526096	0.11981988483753993	0.341553214553997		0.5375	0.205	0.295	0.01	400.0	100.0
naturalbench	gaze_top10_alpha0p25	6	0.25	10	False	segments/vlm_bias_attention/runs/vlmbias_gaze_attention_sweep/naturalbench/qwen25vl_3b_naturalbench_gaze_attention_gaze_top10_alpha0p25_seed6.summary.json					0.07067806730502248	0.11954144704368211	0.339875246432251		0.505	0.215	0.235	0.09	400.0	100.0
naturalbench	gaze_top10_alpha0p25	7	0.25	10	False	segments/vlm_bias_attention/runs/vlmbias_gaze_attention_sweep/naturalbench/qwen25vl_3b_naturalbench_gaze_attention_gaze_top10_alpha0p25_seed7.summary.json					0.07033695718798881	0.11946853826146589	0.3399872121796278		0.5625	0.32	0.295	0.02	400.0	100.0
naturalbench	gaze_top10_alpha0p25	8	0.25	10	False	segments/vlm_bias_attention/runs/vlmbias_gaze_attention_sweep/naturalbench/qwen25vl_3b_naturalbench_gaze_attention_gaze_top10_alpha0p25_seed8.summary.json					0.07058134877640664	0.12024761349098786	0.3447857760305753		0.385	0.11	0.06	0.0	400.0	100.0
naturalbench	gaze_top10_alpha0p25	9	0.25	10	False	segments/vlm_bias_attention/runs/vlmbias_gaze_attention_sweep/naturalbench/qwen25vl_3b_naturalbench_gaze_attention_gaze_top10_alpha0p25_seed9.summary.json					0.07087950863763728	0.1198568586191477	0.34153860617510845		0.5675	0.32	0.175	0.02	400.0	100.0
naturalbench	gaze_top10_alpha0p5	0	0.5	10	False	segments/vlm_bias_attention/runs/vlmbias_gaze_attention_sweep/naturalbench/qwen25vl_3b_naturalbench_gaze_attention_gaze_top10_alpha0p5_seed0.summary.json					0.0715468336468314	0.12360566919740627	0.38261025627790635		0.5525	0.285	0.125	0.02	400.0	100.0
naturalbench	gaze_top10_alpha0p5	1	0.5	10	False	segments/vlm_bias_attention/runs/vlmbias_gaze_attention_sweep/naturalbench/qwen25vl_3b_naturalbench_gaze_attention_gaze_top10_alpha0p5_seed1.summary.json					0.07143797671449927	0.12401578661992031	0.3869152261587246		0.515	0.145	0.115	0.0	400.0	100.0
naturalbench	gaze_top10_alpha0p5	2	0.5	10	False	segments/vlm_bias_attention/runs/vlmbias_gaze_attention_sweep/naturalbench/qwen25vl_3b_naturalbench_gaze_attention_gaze_top10_alpha0p5_seed2.summary.json					0.0714424654933905	0.12358593056944688	0.3823251221254013		0.67	0.405	0.395	0.09	400.0	100.0
naturalbench	gaze_top10_alpha0p5	3	0.5	10	False	segments/vlm_bias_attention/runs/vlmbias_gaze_attention_sweep/naturalbench/qwen25vl_3b_naturalbench_gaze_attention_gaze_top10_alpha0p5_seed3.summary.json					0.07133529891873443	0.12340463806356487	0.38229617880414035		0.4475	0.115	0.2	0.0	400.0	100.0
naturalbench	gaze_top10_alpha0p5	4	0.5	10	False	segments/vlm_bias_attention/runs/vlmbias_gaze_attention_sweep/naturalbench/qwen25vl_3b_naturalbench_gaze_attention_gaze_top10_alpha0p5_seed4.summary.json					0.07150589945374929	0.12392110291887759	0.3832120642536763		0.565	0.22	0.27	0.0	400.0	100.0
naturalbench	gaze_top10_alpha0p5	5	0.5	10	False	segments/vlm_bias_attention/runs/vlmbias_gaze_attention_sweep/naturalbench/qwen25vl_3b_naturalbench_gaze_attention_gaze_top10_alpha0p5_seed5.summary.json					0.0715102191190434	0.1233241115702254	0.3805837253854185		0.53	0.195	0.29	0.01	400.0	100.0
naturalbench	gaze_top10_alpha0p5	6	0.5	10	False	segments/vlm_bias_attention/runs/vlmbias_gaze_attention_sweep/naturalbench/qwen25vl_3b_naturalbench_gaze_attention_gaze_top10_alpha0p5_seed6.summary.json					0.07140365259940513	0.12309845609722929	0.3794257542103513		0.51	0.22	0.235	0.09	400.0	100.0
naturalbench	gaze_top10_alpha0p5	7	0.5	10	False	segments/vlm_bias_attention/runs/vlmbias_gaze_attention_sweep/naturalbench/qwen25vl_3b_naturalbench_gaze_attention_gaze_top10_alpha0p5_seed7.summary.json					0.07100987075793226	0.12285852105805645	0.3788872385536365		0.585	0.325	0.325	0.01	400.0	100.0
naturalbench	gaze_top10_alpha0p5	8	0.5	10	False	segments/vlm_bias_attention/runs/vlmbias_gaze_attention_sweep/naturalbench/qwen25vl_3b_naturalbench_gaze_attention_gaze_top10_alpha0p5_seed8.summary.json					0.0712510902440764	0.1236942976604471	0.3836761786770371		0.3925	0.115	0.065	0.0	400.0	100.0
naturalbench	gaze_top10_alpha0p5	9	0.5	10	False	segments/vlm_bias_attention/runs/vlmbias_gaze_attention_sweep/naturalbench/qwen25vl_3b_naturalbench_gaze_attention_gaze_top10_alpha0p5_seed9.summary.json					0.07153178554739259	0.12336426426723798	0.3805882278195623		0.5775	0.335	0.19	0.02	400.0	100.0
naturalbench	gaze_top10_alpha10	0	10.0	10	False	segments/vlm_bias_attention/runs/vlmbias_gaze_attention_sweep/naturalbench/qwen25vl_3b_naturalbench_gaze_attention_gaze_top10_alpha10_seed0.summary.json					0.08174327456549124	0.17580529140295195	0.9998342314894709		0.555	0.31	0.17	0.03	400.0	100.0
naturalbench	gaze_top10_alpha10	1	10.0	10	False	segments/vlm_bias_attention/runs/vlmbias_gaze_attention_sweep/naturalbench/qwen25vl_3b_naturalbench_gaze_attention_gaze_top10_alpha10_seed1.summary.json					0.08163978812524528	0.1762897856634896	0.9998377046769573		0.525	0.18	0.1	0.0	400.0	100.0
naturalbench	gaze_top10_alpha10	2	10.0	10	False	segments/vlm_bias_attention/runs/vlmbias_gaze_attention_sweep/naturalbench/qwen25vl_3b_naturalbench_gaze_attention_gaze_top10_alpha10_seed2.summary.json					0.08153912806490786	0.17600604508638518	0.9998244363629941		0.6775	0.425	0.395	0.05	400.0	100.0
naturalbench	gaze_top10_alpha10	3	10.0	10	False	segments/vlm_bias_attention/runs/vlmbias_gaze_attention_sweep/naturalbench/qwen25vl_3b_naturalbench_gaze_attention_gaze_top10_alpha10_seed3.summary.json					0.08156856694399649	0.17590746232569474	0.9998369074901755		0.4375	0.115	0.205	0.0	400.0	100.0
naturalbench	gaze_top10_alpha10	4	10.0	10	False	segments/vlm_bias_attention/runs/vlmbias_gaze_attention_sweep/naturalbench/qwen25vl_3b_naturalbench_gaze_attention_gaze_top10_alpha10_seed4.summary.json					0.08166288772229835	0.17620463024645247	0.9998235949074465		0.5825	0.25	0.3	0.0	400.0	100.0
naturalbench	gaze_top10_alpha10	5	10.0	10	False	segments/vlm_bias_attention/runs/vlmbias_gaze_attention_sweep/naturalbench/qwen25vl_3b_naturalbench_gaze_attention_gaze_top10_alpha10_seed5.summary.json					0.08170480868617838	0.17581622184398363	0.9998336986345905		0.5125	0.15	0.3	0.0	400.0	100.0
naturalbench	gaze_top10_alpha10	6	10.0	10	False	segments/vlm_bias_attention/runs/vlmbias_gaze_attention_sweep/naturalbench/qwen25vl_3b_naturalbench_gaze_attention_gaze_top10_alpha10_seed6.summary.json					0.08175661123359329	0.17563488290057563	0.9998334225302651		0.4975	0.225	0.245	0.1	400.0	100.0
naturalbench	gaze_top10_alpha10	7	10.0	10	False	segments/vlm_bias_attention/runs/vlmbias_gaze_attention_sweep/naturalbench/qwen25vl_3b_naturalbench_gaze_attention_gaze_top10_alpha10_seed7.summary.json					0.0813866403759793	0.17558658965523283	0.9998396268035211		0.5925	0.325	0.34	0.02	400.0	100.0
naturalbench	gaze_top10_alpha10	8	10.0	10	False	segments/vlm_bias_attention/runs/vlmbias_gaze_attention_sweep/naturalbench/qwen25vl_3b_naturalbench_gaze_attention_gaze_top10_alpha10_seed8.summary.json					0.08166323883506957	0.17623477072207744	0.9998285920300654		0.3875	0.115	0.065	0.0	400.0	100.0
naturalbench	gaze_top10_alpha10	9	10.0	10	False	segments/vlm_bias_attention/runs/vlmbias_gaze_attention_sweep/naturalbench/qwen25vl_3b_naturalbench_gaze_attention_gaze_top10_alpha10_seed9.summary.json					0.08174508532121974	0.17570561096512285	0.9998381365838677		0.575	0.385	0.185	0.02	400.0	100.0
naturalbench	gaze_top10_alpha1	0	1.0	10	False	segments/vlm_bias_attention/runs/vlmbias_gaze_attention_sweep/naturalbench/qwen25vl_3b_naturalbench_gaze_attention_gaze_top10_alpha1_seed0.summary.json					0.07307625960841097	0.13107602398626508	0.4671699722954133		0.5425	0.28	0.11	0.02	400.0	100.0
naturalbench	gaze_top10_alpha1	1	1.0	10	False	segments/vlm_bias_attention/runs/vlmbias_gaze_attention_sweep/naturalbench/qwen25vl_3b_naturalbench_gaze_attention_gaze_top10_alpha1_seed1.summary.json					0.0730367013747662	0.13142524052533675	0.470253018260471		0.5325	0.16	0.125	0.0	400.0	100.0
naturalbench	gaze_top10_alpha1	2	1.0	10	False	segments/vlm_bias_attention/runs/vlmbias_gaze_attention_sweep/naturalbench/qwen25vl_3b_naturalbench_gaze_attention_gaze_top10_alpha1_seed2.summary.json					0.07297432771286892	0.13110524755799832	0.4660136583641324		0.66	0.385	0.375	0.07	400.0	100.0
naturalbench	gaze_top10_alpha1	3	1.0	10	False	segments/vlm_bias_attention/runs/vlmbias_gaze_attention_sweep/naturalbench/qwen25vl_3b_naturalbench_gaze_attention_gaze_top10_alpha1_seed3.summary.json					0.07285753283363096	0.13076824413191487	0.4659043532643391		0.4425	0.12	0.195	0.0	400.0	100.0
naturalbench	gaze_top10_alpha1	4	1.0	10	False	segments/vlm_bias_attention/runs/vlmbias_gaze_attention_sweep/naturalbench/qwen25vl_3b_naturalbench_gaze_attention_gaze_top10_alpha1_seed4.summary.json					0.0730648178313417	0.13121446811608853	0.46690190154863964		0.5725	0.245	0.28	0.0	400.0	100.0
naturalbench	gaze_top10_alpha1	5	1.0	10	False	segments/vlm_bias_attention/runs/vlmbias_gaze_attention_sweep/naturalbench/qwen25vl_3b_naturalbench_gaze_attention_gaze_top10_alpha1_seed5.summary.json					0.07293531435514891	0.13059844511478932	0.4639587019897782		0.52	0.185	0.295	0.01	400.0	100.0
naturalbench	gaze_top10_alpha1	6	1.0	10	False	segments/vlm_bias_attention/runs/vlmbias_gaze_attention_sweep/naturalbench/qwen25vl_3b_naturalbench_gaze_attention_gaze_top10_alpha1_seed6.summary.json					0.07295556501724954	0.13052766759912038	0.46386471736845847		0.5075	0.215	0.24	0.09	400.0	100.0
naturalbench	gaze_top10_alpha1	7	1.0	10	False	segments/vlm_bias_attention/runs/vlmbias_gaze_attention_sweep/naturalbench/qwen25vl_3b_naturalbench_gaze_attention_gaze_top10_alpha1_seed7.summary.json					0.07256570950831674	0.1302686551311382	0.462892311157608		0.5875	0.33	0.33	0.02	400.0	100.0
naturalbench	gaze_top10_alpha1	8	1.0	10	False	segments/vlm_bias_attention/runs/vlmbias_gaze_attention_sweep/naturalbench/qwen25vl_3b_naturalbench_gaze_attention_gaze_top10_alpha1_seed8.summary.json					0.07283861713165764	0.13118035472983436	0.46739253531224906		0.39	0.115	0.07	0.0	400.0	100.0
naturalbench	gaze_top10_alpha1	9	1.0	10	False	segments/vlm_bias_attention/runs/vlmbias_gaze_attention_sweep/naturalbench/qwen25vl_3b_naturalbench_gaze_attention_gaze_top10_alpha1_seed9.summary.json					0.07303024830380979	0.13063978546720453	0.4643511133284582		0.5775	0.34	0.19	0.02	400.0	100.0
naturalbench	gaze_top10_alpha2	0	2.0	10	False	segments/vlm_bias_attention/runs/vlmbias_gaze_attention_sweep/naturalbench/qwen25vl_3b_naturalbench_gaze_attention_gaze_top10_alpha2_seed0.summary.json					0.07593257080670657	0.14596748105805674	0.6398886977368227		0.55	0.28	0.14	0.03	400.0	100.0
naturalbench	gaze_top10_alpha2	1	2.0	10	False	segments/vlm_bias_attention/runs/vlmbias_gaze_attention_sweep/naturalbench/qwen25vl_3b_naturalbench_gaze_attention_gaze_top10_alpha2_seed1.summary.json					0.07590072808788997	0.14641392673132414	0.641847417189142		0.5325	0.175	0.125	0.0	400.0	100.0
naturalbench	gaze_top10_alpha2	2	2.0	10	False	segments/vlm_bias_attention/runs/vlmbias_gaze_attention_sweep/naturalbench/qwen25vl_3b_naturalbench_gaze_attention_gaze_top10_alpha2_seed2.summary.json					0.0757557279063693	0.14590756044060274	0.6376862507538632		0.6725	0.41	0.4	0.08	400.0	100.0
naturalbench	gaze_top10_alpha2	3	2.0	10	False	segments/vlm_bias_attention/runs/vlmbias_gaze_attention_sweep/naturalbench/qwen25vl_3b_naturalbench_gaze_attention_gaze_top10_alpha2_seed3.summary.json					0.07568764652751377	0.1457923769296391	0.6388235886196295		0.4425	0.115	0.21	0.0	400.0	100.0
naturalbench	gaze_top10_alpha2	4	2.0	10	False	segments/vlm_bias_attention/runs/vlmbias_gaze_attention_sweep/naturalbench/qwen25vl_3b_naturalbench_gaze_attention_gaze_top10_alpha2_seed4.summary.json					0.07591691331068989	0.14620032615089854	0.6390740823629238		0.5725	0.235	0.28	0.0	400.0	100.0
naturalbench	gaze_top10_alpha2	5	2.0	10	False	segments/vlm_bias_attention/runs/vlmbias_gaze_attention_sweep/naturalbench/qwen25vl_3b_naturalbench_gaze_attention_gaze_top10_alpha2_seed5.summary.json					0.07590356258088798	0.14575821862810057	0.6377442164396626		0.5275	0.19	0.31	0.01	400.0	100.0
naturalbench	gaze_top10_alpha2	6	2.0	10	False	segments/vlm_bias_attention/runs/vlmbias_gaze_attention_sweep/naturalbench/qwen25vl_3b_naturalbench_gaze_attention_gaze_top10_alpha2_seed6.summary.json					0.07587253456277217	0.14559729010404443	0.6376313460213207		0.5175	0.235	0.25	0.1	400.0	100.0
naturalbench	gaze_top10_alpha2	7	2.0	10	False	segments/vlm_bias_attention/runs/vlmbias_gaze_attention_sweep/naturalbench/qwen25vl_3b_naturalbench_gaze_attention_gaze_top10_alpha2_seed7.summary.json					0.07548432529280139	0.1454601719491997	0.6367380750212405		0.59	0.34	0.335	0.03	400.0	100.0
naturalbench	gaze_top10_alpha2	8	2.0	10	False	segments/vlm_bias_attention/runs/vlmbias_gaze_attention_sweep/naturalbench/qwen25vl_3b_naturalbench_gaze_attention_gaze_top10_alpha2_seed8.summary.json					0.07580081663362451	0.14623929183694465	0.6401522949310463		0.39	0.11	0.07	0.0	400.0	100.0
naturalbench	gaze_top10_alpha2	9	2.0	10	False	segments/vlm_bias_attention/runs/vlmbias_gaze_attention_sweep/naturalbench/qwen25vl_3b_naturalbench_gaze_attention_gaze_top10_alpha2_seed9.summary.json					0.07586130844140594	0.14575625775525436	0.6376932113802257		0.5875	0.37	0.205	0.02	400.0	100.0
naturalbench	gaze_top10_alpha5	0	5.0	10	False	segments/vlm_bias_attention/runs/vlmbias_gaze_attention_sweep/naturalbench/qwen25vl_3b_naturalbench_gaze_attention_gaze_top10_alpha5_seed0.summary.json					0.08102078876960343	0.17203750490099154	0.9531282264020234		0.5575	0.315	0.175	0.03	400.0	100.0
naturalbench	gaze_top10_alpha5	1	5.0	10	False	segments/vlm_bias_attention/runs/vlmbias_gaze_attention_sweep/naturalbench/qwen25vl_3b_naturalbench_gaze_attention_gaze_top10_alpha5_seed1.summary.json					0.08093058988753699	0.17248287700430243	0.9529060817025855		0.515	0.18	0.1	0.0	400.0	100.0
naturalbench	gaze_top10_alpha5	2	5.0	10	False	segments/vlm_bias_attention/runs/vlmbias_gaze_attention_sweep/naturalbench/qwen25vl_3b_naturalbench_gaze_attention_gaze_top10_alpha5_seed2.summary.json					0.08082356940765636	0.17214046928404897	0.9523524167053126		0.685	0.425	0.42	0.07	400.0	100.0
naturalbench	gaze_top10_alpha5	3	5.0	10	False	segments/vlm_bias_attention/runs/vlmbias_gaze_attention_sweep/naturalbench/qwen25vl_3b_naturalbench_gaze_attention_gaze_top10_alpha5_seed3.summary.json					0.08082152222823961	0.17205601890723468	0.9528955603953527		0.44	0.115	0.21	0.0	400.0	100.0
naturalbench	gaze_top10_alpha5	4	5.0	10	False	segments/vlm_bias_attention/runs/vlmbias_gaze_attention_sweep/naturalbench/qwen25vl_3b_naturalbench_gaze_attention_gaze_top10_alpha5_seed4.summary.json					0.08094246929409062	0.17241775537529475	0.9523446291801889		0.595	0.26	0.315	0.0	400.0	100.0
naturalbench	gaze_top10_alpha5	5	5.0	10	False	segments/vlm_bias_attention/runs/vlmbias_gaze_attention_sweep/naturalbench/qwen25vl_3b_naturalbench_gaze_attention_gaze_top10_alpha5_seed5.summary.json					0.08100516250406439	0.17200882282877358	0.9528887159938537		0.51	0.16	0.3	0.0	400.0	100.0
naturalbench	gaze_top10_alpha5	6	5.0	10	False	segments/vlm_bias_attention/runs/vlmbias_gaze_attention_sweep/naturalbench/qwen25vl_3b_naturalbench_gaze_attention_gaze_top10_alpha5_seed6.summary.json					0.08106511426408326	0.1719075153134985	0.9531274635646315		0.5075	0.24	0.255	0.12	400.0	100.0
naturalbench	gaze_top10_alpha5	7	5.0	10	False	segments/vlm_bias_attention/runs/vlmbias_gaze_attention_sweep/naturalbench/qwen25vl_3b_naturalbench_gaze_attention_gaze_top10_alpha5_seed7.summary.json					0.08069197053661915	0.17186832778141758	0.9532115912461091		0.5775	0.315	0.33	0.02	400.0	100.0
naturalbench	gaze_top10_alpha5	8	5.0	10	False	segments/vlm_bias_attention/runs/vlmbias_gaze_attention_sweep/naturalbench/qwen25vl_3b_naturalbench_gaze_attention_gaze_top10_alpha5_seed8.summary.json					0.08092597235769054	0.17247117819358032	0.953126097164782		0.385	0.1	0.05	0.0	400.0	100.0
naturalbench	gaze_top10_alpha5	9	5.0	10	False	segments/vlm_bias_attention/runs/vlmbias_gaze_attention_sweep/naturalbench/qwen25vl_3b_naturalbench_gaze_attention_gaze_top10_alpha5_seed9.summary.json					0.08104484024418823	0.1720098469552161	0.9527059147856259		0.5775	0.385	0.19	0.03	400.0	100.0
naturalbench	gaze_top1_alpha0p25	0	0.25	1	False	segments/vlm_bias_attention/runs/vlmbias_gaze_attention_sweep/naturalbench/qwen25vl_3b_naturalbench_gaze_attention_gaze_top1_alpha0p25_seed0.summary.json					0.07014516333790727	0.10376057576890471	0.8077572440715751		0.5525	0.285	0.125	0.02	400.0	100.0
naturalbench	gaze_top1_alpha0p25	1	0.25	1	False	segments/vlm_bias_attention/runs/vlmbias_gaze_attention_sweep/naturalbench/qwen25vl_3b_naturalbench_gaze_attention_gaze_top1_alpha0p25_seed1.summary.json					0.0700812593780105	0.10796181807124486	0.8458863951667907		0.5275	0.15	0.12	0.0	400.0	100.0
naturalbench	gaze_top1_alpha0p25	2	0.25	1	False	segments/vlm_bias_attention/runs/vlmbias_gaze_attention_sweep/naturalbench/qwen25vl_3b_naturalbench_gaze_attention_gaze_top1_alpha0p25_seed2.summary.json					0.07009154349775719	0.10692546147173124	0.8214720129588293		0.6525	0.38	0.37	0.1	400.0	100.0
naturalbench	gaze_top1_alpha0p25	3	0.25	1	False	segments/vlm_bias_attention/runs/vlmbias_gaze_attention_sweep/naturalbench/qwen25vl_3b_naturalbench_gaze_attention_gaze_top1_alpha0p25_seed3.summary.json					0.06994316667784753	0.10622006916955469	0.8144927222842262		0.45	0.11	0.2	0.0	400.0	100.0
naturalbench	gaze_top1_alpha0p25	4	0.25	1	False	segments/vlm_bias_attention/runs/vlmbias_gaze_attention_sweep/naturalbench/qwen25vl_3b_naturalbench_gaze_attention_gaze_top1_alpha0p25_seed4.summary.json					0.07014803686592817	0.10691876304556891	0.8230627071496213		0.555	0.215	0.255	0.01	400.0	100.0
naturalbench	gaze_top1_alpha0p25	5	0.25	1	False	segments/vlm_bias_attention/runs/vlmbias_gaze_attention_sweep/naturalbench/qwen25vl_3b_naturalbench_gaze_attention_gaze_top1_alpha0p25_seed5.summary.json					0.0700573233865485	0.10561776863187107	0.805211402529762		0.5225	0.18	0.285	0.01	400.0	100.0
naturalbench	gaze_top1_alpha0p25	6	0.25	1	False	segments/vlm_bias_attention/runs/vlmbias_gaze_attention_sweep/naturalbench/qwen25vl_3b_naturalbench_gaze_attention_gaze_top1_alpha0p25_seed6.summary.json					0.06995669341922621	0.10418359990542134	0.7943740505642362		0.5	0.21	0.225	0.08	400.0	100.0
naturalbench	gaze_top1_alpha0p25	7	0.25	1	False	segments/vlm_bias_attention/runs/vlmbias_gaze_attention_sweep/naturalbench/qwen25vl_3b_naturalbench_gaze_attention_gaze_top1_alpha0p25_seed7.summary.json					0.06962882698339529	0.10583654106946455	0.801460700141059		0.57	0.315	0.3	0.01	400.0	100.0
naturalbench	gaze_top1_alpha0p25	8	0.25	1	False	segments/vlm_bias_attention/runs/vlmbias_gaze_attention_sweep/naturalbench/qwen25vl_3b_naturalbench_gaze_attention_gaze_top1_alpha0p25_seed8.summary.json					0.06989637831232154	0.10731801283007694	0.8265750054253472		0.3875	0.105	0.065	0.0	400.0	100.0
naturalbench	gaze_top1_alpha0p25	9	0.25	1	False	segments/vlm_bias_attention/runs/vlmbias_gaze_attention_sweep/naturalbench/qwen25vl_3b_naturalbench_gaze_attention_gaze_top1_alpha0p25_seed9.summary.json					0.07021398235234164	0.10394727765326622	0.8046482150695712		0.565	0.3	0.175	0.02	400.0	100.0
naturalbench	gaze_top1_alpha0p5	0	0.5	1	False	segments/vlm_bias_attention/runs/vlmbias_gaze_attention_sweep/naturalbench/qwen25vl_3b_naturalbench_gaze_attention_gaze_top1_alpha0p5_seed0.summary.json					0.07020721323549868	0.10539261358305155	0.8359272744535196		0.5575	0.295	0.13	0.02	400.0	100.0
naturalbench	gaze_top1_alpha0p5	1	0.5	1	False	segments/vlm_bias_attention/runs/vlmbias_gaze_attention_sweep/naturalbench/qwen25vl_3b_naturalbench_gaze_attention_gaze_top1_alpha0p5_seed1.summary.json					0.07014689091945395	0.10964044445072009	0.8736479435820256		0.525	0.145	0.12	0.0	400.0	100.0
naturalbench	gaze_top1_alpha0p5	2	0.5	1	False	segments/vlm_bias_attention/runs/vlmbias_gaze_attention_sweep/naturalbench/qwen25vl_3b_naturalbench_gaze_attention_gaze_top1_alpha0p5_seed2.summary.json					0.0700757671934245	0.10856614832855051	0.8489491199311756		0.655	0.375	0.375	0.07	400.0	100.0
naturalbench	gaze_top1_alpha0p5	3	0.5	1	False	segments/vlm_bias_attention/runs/vlmbias_gaze_attention_sweep/naturalbench/qwen25vl_3b_naturalbench_gaze_attention_gaze_top1_alpha0p5_seed3.summary.json					0.07000432432015755	0.10788676372613935	0.8427862723214286		0.4525	0.115	0.205	0.0	400.0	100.0
naturalbench	gaze_top1_alpha0p5	4	0.5	1	False	segments/vlm_bias_attention/runs/vlmbias_gaze_attention_sweep/naturalbench/qwen25vl_3b_naturalbench_gaze_attention_gaze_top1_alpha0p5_seed4.summary.json					0.07016738039172955	0.1086994842974977	0.8509897349964488		0.56	0.215	0.27	0.0	400.0	100.0
naturalbench	gaze_top1_alpha0p5	5	0.5	1	False	segments/vlm_bias_attention/runs/vlmbias_gaze_attention_sweep/naturalbench/qwen25vl_3b_naturalbench_gaze_attention_gaze_top1_alpha0p5_seed5.summary.json					0.07014276157828547	0.10746807071325991	0.8369000563848585		0.535	0.205	0.29	0.01	400.0	100.0
naturalbench	gaze_top1_alpha0p5	6	0.5	1	False	segments/vlm_bias_attention/runs/vlmbias_gaze_attention_sweep/naturalbench/qwen25vl_3b_naturalbench_gaze_attention_gaze_top1_alpha0p5_seed6.summary.json					0.07008290534187978	0.10620109789633875	0.8254166243912338		0.5125	0.22	0.24	0.09	400.0	100.0
naturalbench	gaze_top1_alpha0p5	7	0.5	1	False	segments/vlm_bias_attention/runs/vlmbias_gaze_attention_sweep/naturalbench/qwen25vl_3b_naturalbench_gaze_attention_gaze_top1_alpha0p5_seed7.summary.json					0.06973848802533353	0.10768784756446256	0.8292743123372397		0.5675	0.315	0.29	0.0	400.0	100.0
naturalbench	gaze_top1_alpha0p5	8	0.5	1	False	segments/vlm_bias_attention/runs/vlmbias_gaze_attention_sweep/naturalbench/qwen25vl_3b_naturalbench_gaze_attention_gaze_top1_alpha0p5_seed8.summary.json					0.06995357710563824	0.10927812794689089	0.8551847059461806		0.395	0.115	0.07	0.01	400.0	100.0
naturalbench	gaze_top1_alpha0p5	9	0.5	1	False	segments/vlm_bias_attention/runs/vlmbias_gaze_attention_sweep/naturalbench/qwen25vl_3b_naturalbench_gaze_attention_gaze_top1_alpha0p5_seed9.summary.json					0.07018401991039785	0.10575236933555625	0.8348561527753117		0.5625	0.305	0.165	0.02	400.0	100.0
naturalbench	gaze_top1_alpha10	0	10.0	1	False	segments/vlm_bias_attention/runs/vlmbias_gaze_attention_sweep/naturalbench/qwen25vl_3b_naturalbench_gaze_attention_gaze_top1_alpha10_seed0.summary.json					0.07046288269117301	0.11552332408858389	1.0		0.5475	0.28	0.115	0.02	400.0	100.0
naturalbench	gaze_top1_alpha10	1	10.0	1	False	segments/vlm_bias_attention/runs/vlmbias_gaze_attention_sweep/naturalbench/qwen25vl_3b_naturalbench_gaze_attention_gaze_top1_alpha10_seed1.summary.json					0.07042972787377949	0.11755871632801634	1.0		0.525	0.15	0.115	0.0	400.0	100.0
naturalbench	gaze_top1_alpha10	2	10.0	1	False	segments/vlm_bias_attention/runs/vlmbias_gaze_attention_sweep/naturalbench/qwen25vl_3b_naturalbench_gaze_attention_gaze_top1_alpha10_seed2.summary.json					0.07041290689942571	0.11785181856927869	1.0		0.665	0.395	0.38	0.09	400.0	100.0
naturalbench	gaze_top1_alpha10	3	10.0	1	False	segments/vlm_bias_attention/runs/vlmbias_gaze_attention_sweep/naturalbench/qwen25vl_3b_naturalbench_gaze_attention_gaze_top1_alpha10_seed3.summary.json					0.07022913635070695	0.11782093074296912	1.0		0.4475	0.12	0.19	0.0	400.0	100.0
naturalbench	gaze_top1_alpha10	4	10.0	1	False	segments/vlm_bias_attention/runs/vlmbias_gaze_attention_sweep/naturalbench/qwen25vl_3b_naturalbench_gaze_attention_gaze_top1_alpha10_seed4.summary.json					0.07056442286150842	0.11784061630931683	1.0		0.5625	0.22	0.255	0.02	400.0	100.0
naturalbench	gaze_top1_alpha10	5	10.0	1	False	segments/vlm_bias_attention/runs/vlmbias_gaze_attention_sweep/naturalbench/qwen25vl_3b_naturalbench_gaze_attention_gaze_top1_alpha10_seed5.summary.json					0.07027830800100034	0.11752044450520494	1.0		0.5175	0.19	0.275	0.01	400.0	100.0
naturalbench	gaze_top1_alpha10	6	10.0	1	False	segments/vlm_bias_attention/runs/vlmbias_gaze_attention_sweep/naturalbench/qwen25vl_3b_naturalbench_gaze_attention_gaze_top1_alpha10_seed6.summary.json					0.07039139875155896	0.11709798707513873	1.0		0.52	0.22	0.245	0.08	400.0	100.0
naturalbench	gaze_top1_alpha10	7	10.0	1	False	segments/vlm_bias_attention/runs/vlmbias_gaze_attention_sweep/naturalbench/qwen25vl_3b_naturalbench_gaze_attention_gaze_top1_alpha10_seed7.summary.json					0.06997530859042991	0.1183870729646749	1.0		0.58	0.32	0.315	0.01	400.0	100.0
naturalbench	gaze_top1_alpha10	8	10.0	1	False	segments/vlm_bias_attention/runs/vlmbias_gaze_attention_sweep/naturalbench/qwen25vl_3b_naturalbench_gaze_attention_gaze_top1_alpha10_seed8.summary.json					0.07013822105818107	0.11842312284279614	1.0		0.3875	0.115	0.07	0.01	400.0	100.0
naturalbench	gaze_top1_alpha10	9	10.0	1	False	segments/vlm_bias_attention/runs/vlmbias_gaze_attention_sweep/naturalbench/qwen25vl_3b_naturalbench_gaze_attention_gaze_top1_alpha10_seed9.summary.json					0.07057620386293757	0.11618333087506412	1.0		0.5675	0.31	0.17	0.02	400.0	100.0
naturalbench	gaze_top1_alpha1	0	1.0	1	False	segments/vlm_bias_attention/runs/vlmbias_gaze_attention_sweep/naturalbench/qwen25vl_3b_naturalbench_gaze_attention_gaze_top1_alpha1_seed0.summary.json					0.0703715630578227	0.10847171568855023	0.8856008978949653		0.5575	0.29	0.13	0.02	400.0	100.0
naturalbench	gaze_top1_alpha1	1	1.0	1	False	segments/vlm_bias_attention/runs/vlmbias_gaze_attention_sweep/naturalbench/qwen25vl_3b_naturalbench_gaze_attention_gaze_top1_alpha1_seed1.summary.json					0.07030062426049408	0.11227001366116816	0.913917759486607		0.52	0.15	0.11	0.0	400.0	100.0
naturalbench	gaze_top1_alpha1	2	1.0	1	False	segments/vlm_bias_attention/runs/vlmbias_gaze_attention_sweep/naturalbench/qwen25vl_3b_naturalbench_gaze_attention_gaze_top1_alpha1_seed2.summary.json					0.07025339530344876	0.11156868172195424	0.8966476183321886		0.655	0.375	0.37	0.08	400.0	100.0
naturalbench	gaze_top1_alpha1	3	1.0	1	False	segments/vlm_bias_attention/runs/vlmbias_gaze_attention_sweep/naturalbench/qwen25vl_3b_naturalbench_gaze_attention_gaze_top1_alpha1_seed3.summary.json					0.07011377102364716	0.1108197380762015	0.8899108072916667		0.4525	0.11	0.205	0.0	400.0	100.0
naturalbench	gaze_top1_alpha1	4	1.0	1	False	segments/vlm_bias_attention/runs/vlmbias_gaze_attention_sweep/naturalbench/qwen25vl_3b_naturalbench_gaze_attention_gaze_top1_alpha1_seed4.summary.json					0.07045133813827932	0.11150066677263627	0.8976385091145833		0.555	0.21	0.26	0.01	400.0	100.0
naturalbench	gaze_top1_alpha1	5	1.0	1	False	segments/vlm_bias_attention/runs/vlmbias_gaze_attention_sweep/naturalbench/qwen25vl_3b_naturalbench_gaze_attention_gaze_top1_alpha1_seed5.summary.json					0.07021482201880161	0.11049514954934074	0.8836303071521577		0.525	0.195	0.285	0.01	400.0	100.0
naturalbench	gaze_top1_alpha1	6	1.0	1	False	segments/vlm_bias_attention/runs/vlmbias_gaze_attention_sweep/naturalbench/qwen25vl_3b_naturalbench_gaze_attention_gaze_top1_alpha1_seed6.summary.json					0.07014578945176277	0.10924880315258045	0.8757718789457072		0.51	0.21	0.24	0.09	400.0	100.0
naturalbench	gaze_top1_alpha1	7	1.0	1	False	segments/vlm_bias_attention/runs/vlmbias_gaze_attention_sweep/naturalbench/qwen25vl_3b_naturalbench_gaze_attention_gaze_top1_alpha1_seed7.summary.json					0.06986232671176423	0.1108527138493955	0.8794092339409723		0.585	0.33	0.325	0.02	400.0	100.0
naturalbench	gaze_top1_alpha1	8	1.0	1	False	segments/vlm_bias_attention/runs/vlmbias_gaze_attention_sweep/naturalbench/qwen25vl_3b_naturalbench_gaze_attention_gaze_top1_alpha1_seed8.summary.json					0.070060128030927	0.11202011554760652	0.8990399848090277		0.3925	0.115	0.07	0.0	400.0	100.0
naturalbench	gaze_top1_alpha1	9	1.0	1	False	segments/vlm_bias_attention/runs/vlmbias_gaze_attention_sweep/naturalbench/qwen25vl_3b_naturalbench_gaze_attention_gaze_top1_alpha1_seed9.summary.json					0.07031377905028799	0.1090213749121082	0.883046035304214		0.565	0.32	0.185	0.02	400.0	100.0
naturalbench	gaze_top1_alpha2	0	2.0	1	False	segments/vlm_bias_attention/runs/vlmbias_gaze_attention_sweep/naturalbench/qwen25vl_3b_naturalbench_gaze_attention_gaze_top1_alpha2_seed0.summary.json					0.07049715473774566	0.1123616230549206	0.948821090544113		0.5575	0.29	0.13	0.02	400.0	100.0
naturalbench	gaze_top1_alpha2	1	2.0	1	False	segments/vlm_bias_attention/runs/vlmbias_gaze_attention_sweep/naturalbench/qwen25vl_3b_naturalbench_gaze_attention_gaze_top1_alpha2_seed1.summary.json					0.07048485231485438	0.11519707259677706	0.9641954985119048		0.5175	0.14	0.1	0.0	400.0	100.0
naturalbench	gaze_top1_alpha2	2	2.0	1	False	segments/vlm_bias_attention/runs/vlmbias_gaze_attention_sweep/naturalbench/qwen25vl_3b_naturalbench_gaze_attention_gaze_top1_alpha2_seed2.summary.json					0.07040934954255558	0.11509844581342556	0.9544243909167005		0.655	0.375	0.365	0.08	400.0	100.0
naturalbench	gaze_top1_alpha2	3	2.0	1	False	segments/vlm_bias_attention/runs/vlmbias_gaze_attention_sweep/naturalbench/qwen25vl_3b_naturalbench_gaze_attention_gaze_top1_alpha2_seed3.summary.json					0.07027925111980231	0.11469423849153376	0.9515565011160715		0.4375	0.1	0.185	0.0	400.0	100.0
naturalbench	gaze_top1_alpha2	4	2.0	1	False	segments/vlm_bias_attention/runs/vlmbias_gaze_attention_sweep/naturalbench/qwen25vl_3b_naturalbench_gaze_attention_gaze_top1_alpha2_seed4.summary.json					0.07043388841370996	0.1150305370792342	0.9550267938170771		0.56	0.215	0.265	0.01	400.0	100.0
naturalbench	gaze_top1_alpha2	5	2.0	1	False	segments/vlm_bias_attention/runs/vlmbias_gaze_attention_sweep/naturalbench/qwen25vl_3b_naturalbench_gaze_attention_gaze_top1_alpha2_seed5.summary.json					0.07038298724026841	0.11444049378296006	0.9479403889973959		0.5225	0.205	0.28	0.01	400.0	100.0
naturalbench	gaze_top1_alpha2	6	2.0	1	False	segments/vlm_bias_attention/runs/vlmbias_gaze_attention_sweep/naturalbench/qwen25vl_3b_naturalbench_gaze_attention_gaze_top1_alpha2_seed6.summary.json					0.070367135978443	0.11361186983600033	0.9431899562026516		0.51	0.22	0.24	0.09	400.0	100.0
naturalbench	gaze_top1_alpha2	7	2.0	1	False	segments/vlm_bias_attention/runs/vlmbias_gaze_attention_sweep/naturalbench/qwen25vl_3b_naturalbench_gaze_attention_gaze_top1_alpha2_seed7.summary.json					0.07001960623882797	0.1148440758336025	0.9456378173828125		0.58	0.32	0.31	0.0	400.0	100.0
naturalbench	gaze_top1_alpha2	8	2.0	1	False	segments/vlm_bias_attention/runs/vlmbias_gaze_attention_sweep/naturalbench/qwen25vl_3b_naturalbench_gaze_attention_gaze_top1_alpha2_seed8.summary.json					0.07016047086364541	0.11553191303927451	0.956116427951389		0.3925	0.12	0.075	0.01	400.0	100.0
naturalbench	gaze_top1_alpha2	9	2.0	1	False	segments/vlm_bias_attention/runs/vlmbias_gaze_attention_sweep/naturalbench/qwen25vl_3b_naturalbench_gaze_attention_gaze_top1_alpha2_seed9.summary.json					0.07055827845872205	0.11295579602959156	0.9481142787740688		0.565	0.31	0.17	0.02	400.0	100.0
naturalbench	gaze_top1_alpha5	0	5.0	1	False	segments/vlm_bias_attention/runs/vlmbias_gaze_attention_sweep/naturalbench/qwen25vl_3b_naturalbench_gaze_attention_gaze_top1_alpha5_seed0.summary.json					0.07047821075360416	0.11532490104267072	0.9973514034386837		0.555	0.285	0.125	0.02	400.0	100.0
naturalbench	gaze_top1_alpha5	1	5.0	1	False	segments/vlm_bias_attention/runs/vlmbias_gaze_attention_sweep/naturalbench/qwen25vl_3b_naturalbench_gaze_attention_gaze_top1_alpha5_seed1.summary.json					0.07045037406798867	0.117400865285613	0.9984540085565476		0.525	0.15	0.11	0.0	400.0	100.0
naturalbench	gaze_top1_alpha5	2	5.0	1	False	segments/vlm_bias_attention/runs/vlmbias_gaze_attention_sweep/naturalbench/qwen25vl_3b_naturalbench_gaze_attention_gaze_top1_alpha5_seed2.summary.json					0.07034966762272166	0.11786163415630786	0.9977808145630411		0.6575	0.385	0.365	0.08	400.0	100.0
naturalbench	gaze_top1_alpha5	3	5.0	1	False	segments/vlm_bias_attention/runs/vlmbias_gaze_attention_sweep/naturalbench/qwen25vl_3b_naturalbench_gaze_attention_gaze_top1_alpha5_seed3.summary.json					0.07021913104036745	0.11760312650104364	0.9975400390625001		0.45	0.11	0.195	0.0	400.0	100.0
naturalbench	gaze_top1_alpha5	4	5.0	1	False	segments/vlm_bias_attention/runs/vlmbias_gaze_attention_sweep/naturalbench/qwen25vl_3b_naturalbench_gaze_attention_gaze_top1_alpha5_seed4.summary.json					0.07039614446831752	0.11771847718639883	0.9978797064887153		0.5575	0.215	0.26	0.01	400.0	100.0
naturalbench	gaze_top1_alpha5	5	5.0	1	False	segments/vlm_bias_attention/runs/vlmbias_gaze_attention_sweep/naturalbench/qwen25vl_3b_naturalbench_gaze_attention_gaze_top1_alpha5_seed5.summary.json					0.07036661440616356	0.11733851018984848	0.997309797014509		0.515	0.185	0.265	0.01	400.0	100.0
naturalbench	gaze_top1_alpha5	6	5.0	1	False	segments/vlm_bias_attention/runs/vlmbias_gaze_attention_sweep/naturalbench/qwen25vl_3b_naturalbench_gaze_attention_gaze_top1_alpha5_seed6.summary.json					0.07033832981602955	0.1169758325998643	0.9968866595643939		0.5125	0.215	0.23	0.08	400.0	100.0
naturalbench	gaze_top1_alpha5	7	5.0	1	False	segments/vlm_bias_attention/runs/vlmbias_gaze_attention_sweep/naturalbench/qwen25vl_3b_naturalbench_gaze_attention_gaze_top1_alpha5_seed7.summary.json					0.0699857970013917	0.11802765652894352	0.9971538899739584		0.5775	0.325	0.315	0.02	400.0	100.0
naturalbench	gaze_top1_alpha5	8	5.0	1	False	segments/vlm_bias_attention/runs/vlmbias_gaze_attention_sweep/naturalbench/qwen25vl_3b_naturalbench_gaze_attention_gaze_top1_alpha5_seed8.summary.json					0.07012840745790307	0.11821813971621709	0.9978458658854167		0.3825	0.11	0.065	0.0	400.0	100.0
naturalbench	gaze_top1_alpha5	9	5.0	1	False	segments/vlm_bias_attention/runs/vlmbias_gaze_attention_sweep/naturalbench/qwen25vl_3b_naturalbench_gaze_attention_gaze_top1_alpha5_seed9.summary.json					0.07049146626718987	0.11587582490281813	0.9973282618667141		0.5575	0.3	0.16	0.02	400.0	100.0
naturalbench	gaze_top20_alpha0p25	0	0.25	20	False	segments/vlm_bias_attention/runs/vlmbias_gaze_attention_sweep/naturalbench/qwen25vl_3b_naturalbench_gaze_attention_gaze_top20_alpha0p25_seed0.summary.json					0.07151284066537109	0.10994230593979432	0.3142465909431533		0.5475	0.28	0.12	0.01	400.0	100.0
naturalbench	gaze_top20_alpha0p25	1	0.25	20	False	segments/vlm_bias_attention/runs/vlmbias_gaze_attention_sweep/naturalbench/qwen25vl_3b_naturalbench_gaze_attention_gaze_top20_alpha0p25_seed1.summary.json					0.07145480611388563	0.11034751505420357	0.3186731240285784		0.53	0.17	0.13	0.0	400.0	100.0
naturalbench	gaze_top20_alpha0p25	2	0.25	20	False	segments/vlm_bias_attention/runs/vlmbias_gaze_attention_sweep/naturalbench/qwen25vl_3b_naturalbench_gaze_attention_gaze_top20_alpha0p25_seed2.summary.json					0.07123448018691975	0.10970891185251752	0.3137425245251014		0.655	0.385	0.375	0.09	400.0	100.0
naturalbench	gaze_top20_alpha0p25	3	0.25	20	False	segments/vlm_bias_attention/runs/vlmbias_gaze_attention_sweep/naturalbench/qwen25vl_3b_naturalbench_gaze_attention_gaze_top20_alpha0p25_seed3.summary.json					0.07124921167725524	0.10966267096478476	0.3136179784751601		0.46	0.13	0.21	0.0	400.0	100.0
naturalbench	gaze_top20_alpha0p25	4	0.25	20	False	segments/vlm_bias_attention/runs/vlmbias_gaze_attention_sweep/naturalbench/qwen25vl_3b_naturalbench_gaze_attention_gaze_top20_alpha0p25_seed4.summary.json					0.07155889562471779	0.11028210498858333	0.31545178643877353		0.555	0.215	0.26	0.01	400.0	100.0
naturalbench	gaze_top20_alpha0p25	5	0.25	20	False	segments/vlm_bias_attention/runs/vlmbias_gaze_attention_sweep/naturalbench/qwen25vl_3b_naturalbench_gaze_attention_gaze_top20_alpha0p25_seed5.summary.json					0.07132827802820284	0.10954384676923605	0.3117460025173462		0.5475	0.22	0.295	0.01	400.0	100.0
naturalbench	gaze_top20_alpha0p25	6	0.25	20	False	segments/vlm_bias_attention/runs/vlmbias_gaze_attention_sweep/naturalbench/qwen25vl_3b_naturalbench_gaze_attention_gaze_top20_alpha0p25_seed6.summary.json					0.07132543489398505	0.10942233949999586	0.31095998558419063		0.5125	0.22	0.24	0.1	400.0	100.0
naturalbench	gaze_top20_alpha0p25	7	0.25	20	False	segments/vlm_bias_attention/runs/vlmbias_gaze_attention_sweep/naturalbench/qwen25vl_3b_naturalbench_gaze_attention_gaze_top20_alpha0p25_seed7.summary.json					0.07099752397473001	0.10935499883735161	0.31057619721835683		0.5825	0.33	0.315	0.02	400.0	100.0
naturalbench	gaze_top20_alpha0p25	8	0.25	20	False	segments/vlm_bias_attention/runs/vlmbias_gaze_attention_sweep/naturalbench/qwen25vl_3b_naturalbench_gaze_attention_gaze_top20_alpha0p25_seed8.summary.json					0.0712263457393633	0.11000091797322535	0.315224281839555		0.395	0.115	0.07	0.0	400.0	100.0
naturalbench	gaze_top20_alpha0p25	9	0.25	20	False	segments/vlm_bias_attention/runs/vlmbias_gaze_attention_sweep/naturalbench/qwen25vl_3b_naturalbench_gaze_attention_gaze_top20_alpha0p25_seed9.summary.json					0.0715431997419844	0.1097132580033381	0.3120088351905059		0.575	0.325	0.195	0.02	400.0	100.0
naturalbench	gaze_top20_alpha0p5	0	0.5	20	False	segments/vlm_bias_attention/runs/vlmbias_gaze_attention_sweep/naturalbench/qwen25vl_3b_naturalbench_gaze_attention_gaze_top20_alpha0p5_seed0.summary.json					0.07265331824851701	0.11515807279921476	0.3517696921830844		0.5425	0.27	0.115	0.01	400.0	100.0
naturalbench	gaze_top20_alpha0p5	1	0.5	20	False	segments/vlm_bias_attention/runs/vlmbias_gaze_attention_sweep/naturalbench/qwen25vl_3b_naturalbench_gaze_attention_gaze_top20_alpha0p5_seed1.summary.json					0.07263733961975716	0.11560591426332657	0.35626174312029063		0.53	0.16	0.125	0.0	400.0	100.0
naturalbench	gaze_top20_alpha0p5	2	0.5	20	False	segments/vlm_bias_attention/runs/vlmbias_gaze_attention_sweep/naturalbench/qwen25vl_3b_naturalbench_gaze_attention_gaze_top20_alpha0p5_seed2.summary.json					0.07249717060369158	0.11494023635369965	0.35122544392698074		0.665	0.39	0.39	0.09	400.0	100.0
naturalbench	gaze_top20_alpha0p5	3	0.5	20	False	segments/vlm_bias_attention/runs/vlmbias_gaze_attention_sweep/naturalbench/qwen25vl_3b_naturalbench_gaze_attention_gaze_top20_alpha0p5_seed3.summary.json					0.0724031615866699	0.11495618183438779	0.351244118944387		0.4525	0.12	0.195	0.0	400.0	100.0
naturalbench	gaze_top20_alpha0p5	4	0.5	20	False	segments/vlm_bias_attention/runs/vlmbias_gaze_attention_sweep/naturalbench/qwen25vl_3b_naturalbench_gaze_attention_gaze_top20_alpha0p5_seed4.summary.json					0.07270768253553747	0.11540212911228039	0.3523982987236577		0.5625	0.21	0.27	0.0	400.0	100.0
naturalbench	gaze_top20_alpha0p5	5	0.5	20	False	segments/vlm_bias_attention/runs/vlmbias_gaze_attention_sweep/naturalbench/qwen25vl_3b_naturalbench_gaze_attention_gaze_top20_alpha0p5_seed5.summary.json					0.07250546949606494	0.1147804468287552	0.3490862974623703		0.535	0.2	0.295	0.01	400.0	100.0
naturalbench	gaze_top20_alpha0p5	6	0.5	20	False	segments/vlm_bias_attention/runs/vlmbias_gaze_attention_sweep/naturalbench/qwen25vl_3b_naturalbench_gaze_attention_gaze_top20_alpha0p5_seed6.summary.json					0.07241180503180698	0.11454922977904868	0.34794829146259526		0.5	0.215	0.235	0.09	400.0	100.0
naturalbench	gaze_top20_alpha0p5	7	0.5	20	False	segments/vlm_bias_attention/runs/vlmbias_gaze_attention_sweep/naturalbench/qwen25vl_3b_naturalbench_gaze_attention_gaze_top20_alpha0p5_seed7.summary.json					0.07220719768665174	0.1145767449702576	0.3482301038166991		0.575	0.32	0.315	0.03	400.0	100.0
naturalbench	gaze_top20_alpha0p5	8	0.5	20	False	segments/vlm_bias_attention/runs/vlmbias_gaze_attention_sweep/naturalbench/qwen25vl_3b_naturalbench_gaze_attention_gaze_top20_alpha0p5_seed8.summary.json					0.07238125499162928	0.11525015513542723	0.35274022535213995		0.3875	0.11	0.065	0.0	400.0	100.0
naturalbench	gaze_top20_alpha0p5	9	0.5	20	False	segments/vlm_bias_attention/runs/vlmbias_gaze_attention_sweep/naturalbench/qwen25vl_3b_naturalbench_gaze_attention_gaze_top20_alpha0p5_seed9.summary.json					0.07261677270930102	0.11485425839619941	0.34954353856434506		0.5725	0.32	0.19	0.02	400.0	100.0
naturalbench	gaze_top20_alpha10	0	10.0	20	False	segments/vlm_bias_attention/runs/vlmbias_gaze_attention_sweep/naturalbench/qwen25vl_3b_naturalbench_gaze_attention_gaze_top20_alpha10_seed0.summary.json					0.09344738776377154	0.20230357861476894	0.9997180591808794		0.57	0.315	0.205	0.04	400.0	100.0
naturalbench	gaze_top20_alpha10	1	10.0	20	False	segments/vlm_bias_attention/runs/vlmbias_gaze_attention_sweep/naturalbench/qwen25vl_3b_naturalbench_gaze_attention_gaze_top20_alpha10_seed1.summary.json					0.09341242937453108	0.20268296360425697	0.9997196489789605		0.52	0.2	0.09	0.0	400.0	100.0
naturalbench	gaze_top20_alpha10	2	10.0	20	False	segments/vlm_bias_attention/runs/vlmbias_gaze_attention_sweep/naturalbench/qwen25vl_3b_naturalbench_gaze_attention_gaze_top20_alpha10_seed2.summary.json					0.09333320439353456	0.202514647424614	0.9997037356153683		0.6775	0.405	0.415	0.06	400.0	100.0
naturalbench	gaze_top20_alpha10	3	10.0	20	False	segments/vlm_bias_attention/runs/vlmbias_gaze_attention_sweep/naturalbench/qwen25vl_3b_naturalbench_gaze_attention_gaze_top20_alpha10_seed3.summary.json					0.09325917380011668	0.2024471537780162	0.9997020184513267		0.4425	0.12	0.2	0.0	400.0	100.0
naturalbench	gaze_top20_alpha10	4	10.0	20	False	segments/vlm_bias_attention/runs/vlmbias_gaze_attention_sweep/naturalbench/qwen25vl_3b_naturalbench_gaze_attention_gaze_top20_alpha10_seed4.summary.json					0.09363931873226711	0.20280798989945076	0.9996936822408449		0.5625	0.215	0.265	0.01	400.0	100.0
naturalbench	gaze_top20_alpha10	5	10.0	20	False	segments/vlm_bias_attention/runs/vlmbias_gaze_attention_sweep/naturalbench/qwen25vl_3b_naturalbench_gaze_attention_gaze_top20_alpha10_seed5.summary.json					0.09367161501094229	0.2025868932296554	0.9997125322341467		0.5325	0.18	0.32	0.0	400.0	100.0
naturalbench	gaze_top20_alpha10	6	10.0	20	False	segments/vlm_bias_attention/runs/vlmbias_gaze_attention_sweep/naturalbench/qwen25vl_3b_naturalbench_gaze_attention_gaze_top20_alpha10_seed6.summary.json					0.09355938653587513	0.20231868342624698	0.9997106143954149		0.49	0.23	0.245	0.09	400.0	100.0
naturalbench	gaze_top20_alpha10	7	10.0	20	False	segments/vlm_bias_attention/runs/vlmbias_gaze_attention_sweep/naturalbench/qwen25vl_3b_naturalbench_gaze_attention_gaze_top20_alpha10_seed7.summary.json					0.09317329061620898	0.20223439146869698	0.99971358413698		0.575	0.325	0.305	0.02	400.0	100.0
naturalbench	gaze_top20_alpha10	8	10.0	20	False	segments/vlm_bias_attention/runs/vlmbias_gaze_attention_sweep/naturalbench/qwen25vl_3b_naturalbench_gaze_attention_gaze_top20_alpha10_seed8.summary.json					0.09340873275864901	0.2025131076122548	0.9997173741038567		0.3975	0.105	0.075	0.0	400.0	100.0
naturalbench	gaze_top20_alpha10	9	10.0	20	False	segments/vlm_bias_attention/runs/vlmbias_gaze_attention_sweep/naturalbench/qwen25vl_3b_naturalbench_gaze_attention_gaze_top20_alpha10_seed9.summary.json					0.09356593505074505	0.20229643250162685	0.9997008851009822		0.595	0.385	0.235	0.03	400.0	100.0
naturalbench	gaze_top20_alpha1	0	1.0	20	False	segments/vlm_bias_attention/runs/vlmbias_gaze_attention_sweep/naturalbench/qwen25vl_3b_naturalbench_gaze_attention_gaze_top20_alpha1_seed0.summary.json					0.07559613876033806	0.12701703722138186	0.43338935249119553		0.5575	0.29	0.135	0.02	400.0	100.0
naturalbench	gaze_top20_alpha1	1	1.0	20	False	segments/vlm_bias_attention/runs/vlmbias_gaze_attention_sweep/naturalbench/qwen25vl_3b_naturalbench_gaze_attention_gaze_top20_alpha1_seed1.summary.json					0.07551661855714734	0.12734247067213988	0.4368807318236702		0.53	0.165	0.125	0.0	400.0	100.0
naturalbench	gaze_top20_alpha1	2	1.0	20	False	segments/vlm_bias_attention/runs/vlmbias_gaze_attention_sweep/naturalbench/qwen25vl_3b_naturalbench_gaze_attention_gaze_top20_alpha1_seed2.summary.json					0.0754380918220474	0.1268619976039408	0.43282560367082495		0.655	0.38	0.37	0.07	400.0	100.0
naturalbench	gaze_top20_alpha1	3	1.0	20	False	segments/vlm_bias_attention/runs/vlmbias_gaze_attention_sweep/naturalbench/qwen25vl_3b_naturalbench_gaze_attention_gaze_top20_alpha1_seed3.summary.json					0.07530163778254571	0.12672739044761053	0.4324793980593335		0.4525	0.12	0.21	0.0	400.0	100.0
naturalbench	gaze_top20_alpha1	4	1.0	20	False	segments/vlm_bias_attention/runs/vlmbias_gaze_attention_sweep/naturalbench/qwen25vl_3b_naturalbench_gaze_attention_gaze_top20_alpha1_seed4.summary.json					0.07584560665623612	0.12728974038165136	0.4334021576985567		0.565	0.225	0.255	0.0	400.0	100.0
naturalbench	gaze_top20_alpha1	5	1.0	20	False	segments/vlm_bias_attention/runs/vlmbias_gaze_attention_sweep/naturalbench/qwen25vl_3b_naturalbench_gaze_attention_gaze_top20_alpha1_seed5.summary.json					0.07549718875339906	0.1267597380014991	0.43090374099916073		0.5275	0.195	0.3	0.01	400.0	100.0
naturalbench	gaze_top20_alpha1	6	1.0	20	False	segments/vlm_bias_attention/runs/vlmbias_gaze_attention_sweep/naturalbench/qwen25vl_3b_naturalbench_gaze_attention_gaze_top20_alpha1_seed6.summary.json					0.07533187722807899	0.12645533120011948	0.42964984865556266		0.505	0.215	0.23	0.08	400.0	100.0
naturalbench	gaze_top20_alpha1	7	1.0	20	False	segments/vlm_bias_attention/runs/vlmbias_gaze_attention_sweep/naturalbench/qwen25vl_3b_naturalbench_gaze_attention_gaze_top20_alpha1_seed7.summary.json					0.07502480879225967	0.12632481759894612	0.4294086263552308		0.5775	0.32	0.33	0.03	400.0	100.0
naturalbench	gaze_top20_alpha1	8	1.0	20	False	segments/vlm_bias_attention/runs/vlmbias_gaze_attention_sweep/naturalbench/qwen25vl_3b_naturalbench_gaze_attention_gaze_top20_alpha1_seed8.summary.json					0.07526418501711817	0.1270136930680572	0.43386089529430516		0.39	0.105	0.065	0.0	400.0	100.0
naturalbench	gaze_top20_alpha1	9	1.0	20	False	segments/vlm_bias_attention/runs/vlmbias_gaze_attention_sweep/naturalbench/qwen25vl_3b_naturalbench_gaze_attention_gaze_top20_alpha1_seed9.summary.json					0.07552604343810133	0.12660438764492743	0.430363938429948		0.58	0.35	0.195	0.02	400.0	100.0
naturalbench	gaze_top20_alpha2	0	2.0	20	False	segments/vlm_bias_attention/runs/vlmbias_gaze_attention_sweep/naturalbench/qwen25vl_3b_naturalbench_gaze_attention_gaze_top20_alpha2_seed0.summary.json					0.08130679844261791	0.15151629534878347	0.6038309230749254		0.5525	0.285	0.14	0.03	400.0	100.0
naturalbench	gaze_top20_alpha2	1	2.0	20	False	segments/vlm_bias_attention/runs/vlmbias_gaze_attention_sweep/naturalbench/qwen25vl_3b_naturalbench_gaze_attention_gaze_top20_alpha2_seed1.summary.json					0.08130300974286017	0.15191540670878872	0.6062421645233423		0.5175	0.155	0.11	0.0	400.0	100.0
naturalbench	gaze_top20_alpha2	2	2.0	20	False	segments/vlm_bias_attention/runs/vlmbias_gaze_attention_sweep/naturalbench/qwen25vl_3b_naturalbench_gaze_attention_gaze_top20_alpha2_seed2.summary.json					0.08120532123223506	0.15138136702211832	0.6024653674398798		0.6475	0.38	0.355	0.05	400.0	100.0
naturalbench	gaze_top20_alpha2	3	2.0	20	False	segments/vlm_bias_attention/runs/vlmbias_gaze_attention_sweep/naturalbench/qwen25vl_3b_naturalbench_gaze_attention_gaze_top20_alpha2_seed3.summary.json					0.08115732494198684	0.15145543344937779	0.6035396154395566		0.44	0.125	0.19	0.0	400.0	100.0
naturalbench	gaze_top20_alpha2	4	2.0	20	False	segments/vlm_bias_attention/runs/vlmbias_gaze_attention_sweep/naturalbench/qwen25vl_3b_naturalbench_gaze_attention_gaze_top20_alpha2_seed4.summary.json					0.08138714191143036	0.15170148207655265	0.6026394849442294		0.5675	0.245	0.275	0.0	400.0	100.0
naturalbench	gaze_top20_alpha2	5	2.0	20	False	segments/vlm_bias_attention/runs/vlmbias_gaze_attention_sweep/naturalbench/qwen25vl_3b_naturalbench_gaze_attention_gaze_top20_alpha2_seed5.summary.json					0.08133829058567386	0.15141347693215035	0.6023455136869862		0.5275	0.19	0.31	0.0	400.0	100.0
naturalbench	gaze_top20_alpha2	6	2.0	20	False	segments/vlm_bias_attention/runs/vlmbias_gaze_attention_sweep/naturalbench/qwen25vl_3b_naturalbench_gaze_attention_gaze_top20_alpha2_seed6.summary.json					0.08117831417343917	0.15111361191372308	0.6013291088168015		0.5025	0.225	0.24	0.07	400.0	100.0
naturalbench	gaze_top20_alpha2	7	2.0	20	False	segments/vlm_bias_attention/runs/vlmbias_gaze_attention_sweep/naturalbench/qwen25vl_3b_naturalbench_gaze_attention_gaze_top20_alpha2_seed7.summary.json					0.08082798988712264	0.1509886622911564	0.6006308511769435		0.5725	0.32	0.31	0.02	400.0	100.0
naturalbench	gaze_top20_alpha2	8	2.0	20	False	segments/vlm_bias_attention/runs/vlmbias_gaze_attention_sweep/naturalbench/qwen25vl_3b_naturalbench_gaze_attention_gaze_top20_alpha2_seed8.summary.json					0.08127015970475862	0.1517824050711523	0.6045630281326448		0.395	0.105	0.075	0.01	400.0	100.0
naturalbench	gaze_top20_alpha2	9	2.0	20	False	segments/vlm_bias_attention/runs/vlmbias_gaze_attention_sweep/naturalbench/qwen25vl_3b_naturalbench_gaze_attention_gaze_top20_alpha2_seed9.summary.json					0.08133967875492397	0.15138574224880766	0.6018683531169107		0.575	0.35	0.195	0.03	400.0	100.0
naturalbench	gaze_top20_alpha5	0	5.0	20	False	segments/vlm_bias_attention/runs/vlmbias_gaze_attention_sweep/naturalbench/qwen25vl_3b_naturalbench_gaze_attention_gaze_top20_alpha5_seed0.summary.json					0.09193752033250618	0.1959192192585518	0.9401582318575431		0.5625	0.295	0.195	0.04	400.0	100.0
naturalbench	gaze_top20_alpha5	1	5.0	20	False	segments/vlm_bias_attention/runs/vlmbias_gaze_attention_sweep/naturalbench/qwen25vl_3b_naturalbench_gaze_attention_gaze_top20_alpha5_seed1.summary.json					0.09190216464058688	0.19628239573293893	0.9400121956959998		0.525	0.195	0.1	0.0	400.0	100.0
naturalbench	gaze_top20_alpha5	2	5.0	20	False	segments/vlm_bias_attention/runs/vlmbias_gaze_attention_sweep/naturalbench/qwen25vl_3b_naturalbench_gaze_attention_gaze_top20_alpha5_seed2.summary.json					0.09179383938523371	0.19600700826912	0.9391432447592338		0.68	0.42	0.41	0.08	400.0	100.0
naturalbench	gaze_top20_alpha5	3	5.0	20	False	segments/vlm_bias_attention/runs/vlmbias_gaze_attention_sweep/naturalbench/qwen25vl_3b_naturalbench_gaze_attention_gaze_top20_alpha5_seed3.summary.json					0.09179655682815974	0.19602274137879214	0.9396780303309572		0.435	0.115	0.19	0.0	400.0	100.0
naturalbench	gaze_top20_alpha5	4	5.0	20	False	segments/vlm_bias_attention/runs/vlmbias_gaze_attention_sweep/naturalbench/qwen25vl_3b_naturalbench_gaze_attention_gaze_top20_alpha5_seed4.summary.json					0.09217131833482424	0.19639353496885484	0.9391006736368672		0.565	0.23	0.275	0.02	400.0	100.0
naturalbench	gaze_top20_alpha5	5	5.0	20	False	segments/vlm_bias_attention/runs/vlmbias_gaze_attention_sweep/naturalbench/qwen25vl_3b_naturalbench_gaze_attention_gaze_top20_alpha5_seed5.summary.json					0.09208646819357191	0.19605186260857363	0.9395579238480952		0.525	0.175	0.3	0.01	400.0	100.0
naturalbench	gaze_top20_alpha5	6	5.0	20	False	segments/vlm_bias_attention/runs/vlmbias_gaze_attention_sweep/naturalbench/qwen25vl_3b_naturalbench_gaze_attention_gaze_top20_alpha5_seed6.summary.json					0.09206095061339525	0.1959098807659437	0.939701473472295		0.495	0.235	0.255	0.1	400.0	100.0
naturalbench	gaze_top20_alpha5	7	5.0	20	False	segments/vlm_bias_attention/runs/vlmbias_gaze_attention_sweep/naturalbench/qwen25vl_3b_naturalbench_gaze_attention_gaze_top20_alpha5_seed7.summary.json					0.09172609321697729	0.19589144397584796	0.9399006460795222		0.5625	0.315	0.305	0.03	400.0	100.0
naturalbench	gaze_top20_alpha5	8	5.0	20	False	segments/vlm_bias_attention/runs/vlmbias_gaze_attention_sweep/naturalbench/qwen25vl_3b_naturalbench_gaze_attention_gaze_top20_alpha5_seed8.summary.json					0.09190194235338942	0.1961292755353483	0.9402155931508973		0.4	0.115	0.08	0.0	400.0	100.0
naturalbench	gaze_top20_alpha5	9	5.0	20	False	segments/vlm_bias_attention/runs/vlmbias_gaze_attention_sweep/naturalbench/qwen25vl_3b_naturalbench_gaze_attention_gaze_top20_alpha5_seed9.summary.json					0.09215422902403697	0.19584472095355618	0.9388022674687376		0.605	0.395	0.25	0.02	400.0	100.0
naturalbench	gaze_top5_alpha0p25	0	0.25	5	False	segments/vlm_bias_attention/runs/vlmbias_gaze_attention_sweep/naturalbench/qwen25vl_3b_naturalbench_gaze_attention_gaze_top5_alpha0p25_seed0.summary.json					0.07061191367006928	0.10989028522500131	0.3565965559911246		0.5475	0.285	0.12	0.02	400.0	100.0
naturalbench	gaze_top5_alpha0p25	1	0.25	5	False	segments/vlm_bias_attention/runs/vlmbias_gaze_attention_sweep/naturalbench/qwen25vl_3b_naturalbench_gaze_attention_gaze_top5_alpha0p25_seed1.summary.json					0.0705699351236734	0.11086312950755878	0.3640883526822705		0.525	0.15	0.125	0.0	400.0	100.0
naturalbench	gaze_top5_alpha0p25	2	0.25	5	False	segments/vlm_bias_attention/runs/vlmbias_gaze_attention_sweep/naturalbench/qwen25vl_3b_naturalbench_gaze_attention_gaze_top5_alpha0p25_seed2.summary.json					0.07038763728081701	0.11018480806772242	0.35779531424386163		0.6625	0.385	0.38	0.08	400.0	100.0
naturalbench	gaze_top5_alpha0p25	3	0.25	5	False	segments/vlm_bias_attention/runs/vlmbias_gaze_attention_sweep/naturalbench/qwen25vl_3b_naturalbench_gaze_attention_gaze_top5_alpha0p25_seed3.summary.json					0.07045816029786606	0.11009931462514609	0.35734639537860824		0.455	0.12	0.195	0.0	400.0	100.0
naturalbench	gaze_top5_alpha0p25	4	0.25	5	False	segments/vlm_bias_attention/runs/vlmbias_gaze_attention_sweep/naturalbench/qwen25vl_3b_naturalbench_gaze_attention_gaze_top5_alpha0p25_seed4.summary.json					0.0706162582491921	0.11051063268593196	0.3588148713545366		0.555	0.205	0.27	0.01	400.0	100.0
naturalbench	gaze_top5_alpha0p25	5	0.25	5	False	segments/vlm_bias_attention/runs/vlmbias_gaze_attention_sweep/naturalbench/qwen25vl_3b_naturalbench_gaze_attention_gaze_top5_alpha0p25_seed5.summary.json					0.07047139358208858	0.10979796841793049	0.3543488491966611		0.515	0.19	0.28	0.01	400.0	100.0
naturalbench	gaze_top5_alpha0p25	6	0.25	5	False	segments/vlm_bias_attention/runs/vlmbias_gaze_attention_sweep/naturalbench/qwen25vl_3b_naturalbench_gaze_attention_gaze_top5_alpha0p25_seed6.summary.json					0.07048724983215524	0.10959766666051457	0.3525307670582252		0.505	0.22	0.235	0.09	400.0	100.0
naturalbench	gaze_top5_alpha0p25	7	0.25	5	False	segments/vlm_bias_attention/runs/vlmbias_gaze_attention_sweep/naturalbench/qwen25vl_3b_naturalbench_gaze_attention_gaze_top5_alpha0p25_seed7.summary.json					0.07022642535632487	0.10990150951381462	0.3533062685648601		0.5675	0.32	0.295	0.02	400.0	100.0
naturalbench	gaze_top5_alpha0p25	8	0.25	5	False	segments/vlm_bias_attention/runs/vlmbias_gaze_attention_sweep/naturalbench/qwen25vl_3b_naturalbench_gaze_attention_gaze_top5_alpha0p25_seed8.summary.json					0.07037015345000934	0.11056854964006278	0.3594801907009548		0.385	0.105	0.06	0.0	400.0	100.0
naturalbench	gaze_top5_alpha0p25	9	0.25	5	False	segments/vlm_bias_attention/runs/vlmbias_gaze_attention_sweep/naturalbench/qwen25vl_3b_naturalbench_gaze_attention_gaze_top5_alpha0p25_seed9.summary.json					0.07065461663193347	0.10974310603460272	0.3542127615669933		0.5575	0.315	0.16	0.02	400.0	100.0
naturalbench	gaze_top5_alpha0p5	0	0.5	5	False	segments/vlm_bias_attention/runs/vlmbias_gaze_attention_sweep/naturalbench/qwen25vl_3b_naturalbench_gaze_attention_gaze_top5_alpha0p5_seed0.summary.json					0.07074256024278204	0.1114612691061562	0.3909948815952648		0.5525	0.28	0.12	0.02	400.0	100.0
naturalbench	gaze_top5_alpha0p5	1	0.5	5	False	segments/vlm_bias_attention/runs/vlmbias_gaze_attention_sweep/naturalbench/qwen25vl_3b_naturalbench_gaze_attention_gaze_top5_alpha0p5_seed1.summary.json					0.07070065412977607	0.11251880642639414	0.3981830575125558		0.525	0.145	0.125	0.0	400.0	100.0
naturalbench	gaze_top5_alpha0p5	2	0.5	5	False	segments/vlm_bias_attention/runs/vlmbias_gaze_attention_sweep/naturalbench/qwen25vl_3b_naturalbench_gaze_attention_gaze_top5_alpha0p5_seed2.summary.json					0.07063516172838252	0.11195034397356952	0.3920965532905612		0.655	0.38	0.365	0.08	400.0	100.0
naturalbench	gaze_top5_alpha0p5	3	0.5	5	False	segments/vlm_bias_attention/runs/vlmbias_gaze_attention_sweep/naturalbench/qwen25vl_3b_naturalbench_gaze_attention_gaze_top5_alpha0p5_seed3.summary.json					0.07047775615582802	0.11158695811690496	0.391189256359282		0.4525	0.12	0.195	0.0	400.0	100.0
naturalbench	gaze_top5_alpha0p5	4	0.5	5	False	segments/vlm_bias_attention/runs/vlmbias_gaze_attention_sweep/naturalbench/qwen25vl_3b_naturalbench_gaze_attention_gaze_top5_alpha0p5_seed4.summary.json					0.07070629779399269	0.11215558857559033	0.3932462608337402		0.5575	0.205	0.26	0.0	400.0	100.0
naturalbench	gaze_top5_alpha0p5	5	0.5	5	False	segments/vlm_bias_attention/runs/vlmbias_gaze_attention_sweep/naturalbench/qwen25vl_3b_naturalbench_gaze_attention_gaze_top5_alpha0p5_seed5.summary.json					0.07066615480548592	0.111407873560315	0.38845709359305247		0.53	0.21	0.29	0.01	400.0	100.0
naturalbench	gaze_top5_alpha0p5	6	0.5	5	False	segments/vlm_bias_attention/runs/vlmbias_gaze_attention_sweep/naturalbench/qwen25vl_3b_naturalbench_gaze_attention_gaze_top5_alpha0p5_seed6.summary.json					0.07053925210387017	0.11104952814639546	0.3867954810556739		0.505	0.21	0.235	0.09	400.0	100.0
naturalbench	gaze_top5_alpha0p5	7	0.5	5	False	segments/vlm_bias_attention/runs/vlmbias_gaze_attention_sweep/naturalbench/qwen25vl_3b_naturalbench_gaze_attention_gaze_top5_alpha0p5_seed7.summary.json					0.07026638344847877	0.11123496565045013	0.3872032240125868		0.585	0.325	0.325	0.02	400.0	100.0
naturalbench	gaze_top5_alpha0p5	8	0.5	5	False	segments/vlm_bias_attention/runs/vlmbias_gaze_attention_sweep/naturalbench/qwen25vl_3b_naturalbench_gaze_attention_gaze_top5_alpha0p5_seed8.summary.json					0.07041185504150323	0.11204807739661128	0.3930532853868272		0.39	0.12	0.07	0.0	400.0	100.0
naturalbench	gaze_top5_alpha0p5	9	0.5	5	False	segments/vlm_bias_attention/runs/vlmbias_gaze_attention_sweep/naturalbench/qwen25vl_3b_naturalbench_gaze_attention_gaze_top5_alpha0p5_seed9.summary.json					0.07080417128626741	0.11132993413749256	0.388444919612879		0.5675	0.32	0.175	0.02	400.0	100.0
naturalbench	gaze_top5_alpha10	0	10.0	5	False	segments/vlm_bias_attention/runs/vlmbias_gaze_attention_sweep/naturalbench/qwen25vl_3b_naturalbench_gaze_attention_gaze_top5_alpha10_seed0.summary.json					0.07597151161885446	0.14778803023803047	0.9997807291666666		0.5425	0.27	0.12	0.02	400.0	100.0
naturalbench	gaze_top5_alpha10	1	10.0	5	False	segments/vlm_bias_attention/runs/vlmbias_gaze_attention_sweep/naturalbench/qwen25vl_3b_naturalbench_gaze_attention_gaze_top5_alpha10_seed1.summary.json					0.07603836547248108	0.14858881275728344	0.9997799479166667		0.515	0.12	0.11	0.0	400.0	100.0
naturalbench	gaze_top5_alpha10	2	10.0	5	False	segments/vlm_bias_attention/runs/vlmbias_gaze_attention_sweep/naturalbench/qwen25vl_3b_naturalbench_gaze_attention_gaze_top5_alpha10_seed2.summary.json					0.07590822752476259	0.14828145886717758	0.999770692767519		0.66	0.365	0.375	0.07	400.0	100.0
naturalbench	gaze_top5_alpha10	3	10.0	5	False	segments/vlm_bias_attention/runs/vlmbias_gaze_attention_sweep/naturalbench/qwen25vl_3b_naturalbench_gaze_attention_gaze_top5_alpha10_seed3.summary.json					0.07586523919086184	0.14810468544867997	0.9997769845145089		0.4425	0.09	0.19	0.0	400.0	100.0
naturalbench	gaze_top5_alpha10	4	10.0	5	False	segments/vlm_bias_attention/runs/vlmbias_gaze_attention_sweep/naturalbench/qwen25vl_3b_naturalbench_gaze_attention_gaze_top5_alpha10_seed4.summary.json					0.07602608066091866	0.14843687658342533	0.9997733289930555		0.565	0.195	0.265	0.0	400.0	100.0
naturalbench	gaze_top5_alpha10	5	10.0	5	False	segments/vlm_bias_attention/runs/vlmbias_gaze_attention_sweep/naturalbench/qwen25vl_3b_naturalbench_gaze_attention_gaze_top5_alpha10_seed5.summary.json					0.07597675813826239	0.14808224604742246	0.9997741292317709		0.5275	0.19	0.265	0.0	400.0	100.0
naturalbench	gaze_top5_alpha10	6	10.0	5	False	segments/vlm_bias_attention/runs/vlmbias_gaze_attention_sweep/naturalbench/qwen25vl_3b_naturalbench_gaze_attention_gaze_top5_alpha10_seed6.summary.json					0.07592049723276321	0.1477604950679974	0.9997739997632575		0.515	0.21	0.23	0.06	400.0	100.0
naturalbench	gaze_top5_alpha10	7	10.0	5	False	segments/vlm_bias_attention/runs/vlmbias_gaze_attention_sweep/naturalbench/qwen25vl_3b_naturalbench_gaze_attention_gaze_top5_alpha10_seed7.summary.json					0.07555244940301216	0.14788793499918862	0.9997776909722222		0.585	0.31	0.33	0.02	400.0	100.0
naturalbench	gaze_top5_alpha10	8	10.0	5	False	segments/vlm_bias_attention/runs/vlmbias_gaze_attention_sweep/naturalbench/qwen25vl_3b_naturalbench_gaze_attention_gaze_top5_alpha10_seed8.summary.json					0.07581597062856114	0.14855049831645253	0.9997716606987848		0.3775	0.1	0.06	0.01	400.0	100.0
naturalbench	gaze_top5_alpha10	9	10.0	5	False	segments/vlm_bias_attention/runs/vlmbias_gaze_attention_sweep/naturalbench/qwen25vl_3b_naturalbench_gaze_attention_gaze_top5_alpha10_seed9.summary.json					0.0760800784671489	0.1477680899562398	0.999770506473778		0.5525	0.295	0.145	0.02	400.0	100.0
naturalbench	gaze_top5_alpha1	0	1.0	5	False	segments/vlm_bias_attention/runs/vlmbias_gaze_attention_sweep/naturalbench/qwen25vl_3b_naturalbench_gaze_attention_gaze_top5_alpha1_seed0.summary.json					0.07149647110396468	0.11598087611875703	0.4660040050506592		0.545	0.28	0.12	0.02	400.0	100.0
naturalbench	gaze_top5_alpha1	1	1.0	5	False	segments/vlm_bias_attention/runs/vlmbias_gaze_attention_sweep/naturalbench/qwen25vl_3b_naturalbench_gaze_attention_gaze_top5_alpha1_seed1.summary.json					0.07148140381642289	0.11695291059393073	0.47187195744590155		0.5275	0.145	0.125	0.0	400.0	100.0
naturalbench	gaze_top5_alpha1	2	1.0	5	False	segments/vlm_bias_attention/runs/vlmbias_gaze_attention_sweep/naturalbench/qwen25vl_3b_naturalbench_gaze_attention_gaze_top5_alpha1_seed2.summary.json					0.07134913953274263	0.11632261912724118	0.46605175781249997		0.6525	0.365	0.36	0.06	400.0	100.0
naturalbench	gaze_top5_alpha1	3	1.0	5	False	segments/vlm_bias_attention/runs/vlmbias_gaze_attention_sweep/naturalbench/qwen25vl_3b_naturalbench_gaze_attention_gaze_top5_alpha1_seed3.summary.json					0.07133955949295506	0.11625716443734598	0.4665508768717448		0.4475	0.115	0.19	0.0	400.0	100.0
naturalbench	gaze_top5_alpha1	4	1.0	5	False	segments/vlm_bias_attention/runs/vlmbias_gaze_attention_sweep/naturalbench/qwen25vl_3b_naturalbench_gaze_attention_gaze_top5_alpha1_seed4.summary.json					0.07150760532966696	0.11669887167182498	0.4670726613230519		0.56	0.215	0.27	0.01	400.0	100.0
naturalbench	gaze_top5_alpha1	5	1.0	5	False	segments/vlm_bias_attention/runs/vlmbias_gaze_attention_sweep/naturalbench/qwen25vl_3b_naturalbench_gaze_attention_gaze_top5_alpha1_seed5.summary.json					0.07139245387386169	0.11600127705740076	0.46336220557803204		0.525	0.2	0.285	0.01	400.0	100.0
naturalbench	gaze_top5_alpha1	6	1.0	5	False	segments/vlm_bias_attention/runs/vlmbias_gaze_attention_sweep/naturalbench/qwen25vl_3b_naturalbench_gaze_attention_gaze_top5_alpha1_seed6.summary.json					0.07144983667206564	0.11580381517205153	0.4628506494387231		0.5225	0.215	0.23	0.08	400.0	100.0
naturalbench	gaze_top5_alpha1	7	1.0	5	False	segments/vlm_bias_attention/runs/vlmbias_gaze_attention_sweep/naturalbench/qwen25vl_3b_naturalbench_gaze_attention_gaze_top5_alpha1_seed7.summary.json					0.07100419858352851	0.11570291579802287	0.4616887613932292		0.5825	0.32	0.315	0.02	400.0	100.0
naturalbench	gaze_top5_alpha1	8	1.0	5	False	segments/vlm_bias_attention/runs/vlmbias_gaze_attention_sweep/naturalbench/qwen25vl_3b_naturalbench_gaze_attention_gaze_top5_alpha1_seed8.summary.json					0.07130554031355221	0.11676803152436493	0.4679901462131076		0.3925	0.115	0.065	0.01	400.0	100.0
naturalbench	gaze_top5_alpha1	9	1.0	5	False	segments/vlm_bias_attention/runs/vlmbias_gaze_attention_sweep/naturalbench/qwen25vl_3b_naturalbench_gaze_attention_gaze_top5_alpha1_seed9.summary.json					0.07169713561274924	0.11602441133535367	0.46390063314534197		0.5525	0.3	0.14	0.02	400.0	100.0
naturalbench	gaze_top5_alpha2	0	2.0	5	False	segments/vlm_bias_attention/runs/vlmbias_gaze_attention_sweep/naturalbench/qwen25vl_3b_naturalbench_gaze_attention_gaze_top5_alpha2_seed0.summary.json					0.07276172222330264	0.12487197971249438	0.6235082858615452		0.555	0.275	0.125	0.02	400.0	100.0
naturalbench	gaze_top5_alpha2	1	2.0	5	False	segments/vlm_bias_attention/runs/vlmbias_gaze_attention_sweep/naturalbench/qwen25vl_3b_naturalbench_gaze_attention_gaze_top5_alpha2_seed1.summary.json					0.07265346990271705	0.1256441688692707	0.6260070873442151		0.53	0.15	0.115	0.0	400.0	100.0
naturalbench	gaze_top5_alpha2	2	2.0	5	False	segments/vlm_bias_attention/runs/vlmbias_gaze_attention_sweep/naturalbench/qwen25vl_3b_naturalbench_gaze_attention_gaze_top5_alpha2_seed2.summary.json					0.07262523979012667	0.1253645276842801	0.6224433765493946		0.66	0.385	0.37	0.07	400.0	100.0
naturalbench	gaze_top5_alpha2	3	2.0	5	False	segments/vlm_bias_attention/runs/vlmbias_gaze_attention_sweep/naturalbench/qwen25vl_3b_naturalbench_gaze_attention_gaze_top5_alpha2_seed3.summary.json					0.07250712433272127	0.12511527007289142	0.6230301304408482		0.4525	0.115	0.195	0.0	400.0	100.0
naturalbench	gaze_top5_alpha2	4	2.0	5	False	segments/vlm_bias_attention/runs/vlmbias_gaze_attention_sweep/naturalbench/qwen25vl_3b_naturalbench_gaze_attention_gaze_top5_alpha2_seed4.summary.json					0.07275320844122199	0.12560857694387734	0.6236003851996528		0.5525	0.2	0.245	0.0	400.0	100.0
naturalbench	gaze_top5_alpha2	5	2.0	5	False	segments/vlm_bias_attention/runs/vlmbias_gaze_attention_sweep/naturalbench/qwen25vl_3b_naturalbench_gaze_attention_gaze_top5_alpha2_seed5.summary.json					0.07266882872702092	0.1249027690208251	0.620540679640997		0.5225	0.185	0.28	0.01	400.0	100.0
naturalbench	gaze_top5_alpha2	6	2.0	5	False	segments/vlm_bias_attention/runs/vlmbias_gaze_attention_sweep/naturalbench/qwen25vl_3b_naturalbench_gaze_attention_gaze_top5_alpha2_seed6.summary.json					0.07258673149488712	0.12466940564657515	0.6205975391118214		0.5275	0.225	0.245	0.09	400.0	100.0
naturalbench	gaze_top5_alpha2	7	2.0	5	False	segments/vlm_bias_attention/runs/vlmbias_gaze_attention_sweep/naturalbench/qwen25vl_3b_naturalbench_gaze_attention_gaze_top5_alpha2_seed7.summary.json					0.07222287404252468	0.12475196005871726	0.6198170627170139		0.5875	0.325	0.335	0.02	400.0	100.0
naturalbench	gaze_top5_alpha2	8	2.0	5	False	segments/vlm_bias_attention/runs/vlmbias_gaze_attention_sweep/naturalbench/qwen25vl_3b_naturalbench_gaze_attention_gaze_top5_alpha2_seed8.summary.json					0.07248220035838097	0.12548058585597513	0.6232004123263889		0.38	0.1	0.065	0.0	400.0	100.0
naturalbench	gaze_top5_alpha2	9	2.0	5	False	segments/vlm_bias_attention/runs/vlmbias_gaze_attention_sweep/naturalbench/qwen25vl_3b_naturalbench_gaze_attention_gaze_top5_alpha2_seed9.summary.json					0.07274348198098839	0.12479071604879609	0.6211016570736664		0.5625	0.31	0.16	0.02	400.0	100.0
naturalbench	gaze_top5_alpha5	0	5.0	5	False	segments/vlm_bias_attention/runs/vlmbias_gaze_attention_sweep/naturalbench/qwen25vl_3b_naturalbench_gaze_attention_gaze_top5_alpha5_seed0.summary.json					0.07560377658411134	0.14450465487116015	0.9457394504123263		0.555	0.28	0.13	0.02	400.0	100.0
naturalbench	gaze_top5_alpha5	1	5.0	5	False	segments/vlm_bias_attention/runs/vlmbias_gaze_attention_sweep/naturalbench/qwen25vl_3b_naturalbench_gaze_attention_gaze_top5_alpha5_seed1.summary.json					0.075509034678633	0.145253821486075	0.9454529854910715		0.5225	0.135	0.115	0.0	400.0	100.0
naturalbench	gaze_top5_alpha5	2	5.0	5	False	segments/vlm_bias_attention/runs/vlmbias_gaze_attention_sweep/naturalbench/qwen25vl_3b_naturalbench_gaze_attention_gaze_top5_alpha5_seed2.summary.json					0.0755132237737138	0.14504648731811903	0.9453463684346253		0.6675	0.38	0.385	0.08	400.0	100.0
naturalbench	gaze_top5_alpha5	3	5.0	5	False	segments/vlm_bias_attention/runs/vlmbias_gaze_attention_sweep/naturalbench/qwen25vl_3b_naturalbench_gaze_attention_gaze_top5_alpha5_seed3.summary.json					0.07546913971565664	0.14483276225622033	0.9459142206101191		0.4575	0.12	0.205	0.0	400.0	100.0
naturalbench	gaze_top5_alpha5	4	5.0	5	False	segments/vlm_bias_attention/runs/vlmbias_gaze_attention_sweep/naturalbench/qwen25vl_3b_naturalbench_gaze_attention_gaze_top5_alpha5_seed4.summary.json					0.07564261313692987	0.14525616257932975	0.9455905219184028		0.5725	0.22	0.27	0.01	400.0	100.0
naturalbench	gaze_top5_alpha5	5	5.0	5	False	segments/vlm_bias_attention/runs/vlmbias_gaze_attention_sweep/naturalbench/qwen25vl_3b_naturalbench_gaze_attention_gaze_top5_alpha5_seed5.summary.json					0.07549720885490534	0.14465681121094107	0.9450809959774925		0.5325	0.195	0.27	0.0	400.0	100.0
naturalbench	gaze_top5_alpha5	6	5.0	5	False	segments/vlm_bias_attention/runs/vlmbias_gaze_attention_sweep/naturalbench/qwen25vl_3b_naturalbench_gaze_attention_gaze_top5_alpha5_seed6.summary.json					0.07542563536499404	0.14443468205407828	0.9454854699337122		0.5125	0.22	0.235	0.08	400.0	100.0
naturalbench	gaze_top5_alpha5	7	5.0	5	False	segments/vlm_bias_attention/runs/vlmbias_gaze_attention_sweep/naturalbench/qwen25vl_3b_naturalbench_gaze_attention_gaze_top5_alpha5_seed7.summary.json					0.07516984390692386	0.14465814145507497	0.9456002278645833		0.585	0.315	0.345	0.02	400.0	100.0
naturalbench	gaze_top5_alpha5	8	5.0	5	False	segments/vlm_bias_attention/runs/vlmbias_gaze_attention_sweep/naturalbench/qwen25vl_3b_naturalbench_gaze_attention_gaze_top5_alpha5_seed8.summary.json					0.07536132979344715	0.1452653290990792	0.945294908311632		0.3775	0.1	0.065	0.0	400.0	100.0
naturalbench	gaze_top5_alpha5	9	5.0	5	False	segments/vlm_bias_attention/runs/vlmbias_gaze_attention_sweep/naturalbench/qwen25vl_3b_naturalbench_gaze_attention_gaze_top5_alpha5_seed9.summary.json					0.07558632167939552	0.14447632091291	0.9450172570607019		0.55	0.295	0.135	0.02	400.0	100.0
